publicationYear,citation,uri,row_id
2003,[2003] EWCA Crim 2668,https://caselaw.nationalarchives.gov.uk/ewca/crim/2003/2668,1387
2004,[2004] EWCA Crim 1358,https://caselaw.nationalarchives.gov.uk/ewca/crim/2004/1358,5334
2005,[2005] EWCA Crim 190,https://caselaw.nationalarchives.gov.uk/ewca/crim/2005/190,2045
2006,[2006] EWCA Crim 2203,https://caselaw.nationalarchives.gov.uk/ewca/crim/2006/2203,5217
2007,[2007] EWCA Crim 3227,https://caselaw.nationalarchives.gov.uk/ewca/crim/2007/3227,4934
2008,[2008] EWCA Crim 1662,https://caselaw.nationalarchives.gov.uk/ewca/crim/2008/1662,3116
2009,[2009] EWCA Crim 2689,https://caselaw.nationalarchives.gov.uk/ewca/crim/2009/2689,3266
2010,[2010] EWCA Crim 2260,https://caselaw.nationalarchives.gov.uk/ewca/crim/2010/2260,3985
2011,[2011] EWCA Crim 2598,https://caselaw.nationalarchives.gov.uk/ewca/crim/2011/2598,3441
2012,[2012] EWCA Crim 86,https://caselaw.nationalarchives.gov.uk/ewca/crim/2012/86,1084
2013,[2013] EWCA Crim 409,https://caselaw.nationalarchives.gov.uk/ewca/crim/2013/409,5037
2014,[2014] EWCA Crim 1421,https://caselaw.nationalarchives.gov.uk/ewca/crim/2014/1421,4532
2015,[2015] EWCA Crim 960,https://caselaw.nationalarchives.gov.uk/ewca/crim/2015/960,3411
2016,[2016] EWCA Crim 1841,https://caselaw.nationalarchives.gov.uk/ewca/crim/2016/1841,1446
2017,[2017] EWCA Crim 1276,https://caselaw.nationalarchives.gov.uk/ewca/crim/2017/1276,1334
2018,[2018] EWCA Crim 675,https://caselaw.nationalarchives.gov.uk/ewca/crim/2018/675,2785
2019,[2019] EWCA Crim 20,https://caselaw.nationalarchives.gov.uk/ewca/crim/2019/20,1439
2020,[2020] EWCA Crim 176,https://caselaw.nationalarchives.gov.uk/ewca/crim/2020/176,1585
2021,[2021] EWCA Crim 175,https://caselaw.nationalarchives.gov.uk/ewca/crim/2021/175,1326
2022,[2022] EWCA Crim 1310,https://caselaw.nationalarchives.gov.uk/ewca/crim/2022/1310,1508
2023,[2023] EWCA Crim 1557,https://caselaw.nationalarchives.gov.uk/ewca/crim/2023/1557,5024
2024,[2024] EWCA Crim 68,https://caselaw.nationalarchives.gov.uk/ewca/crim/2024/68,3290
2003,[2003] EWCA Crim 458,https://caselaw.nationalarchives.gov.uk/ewca/crim/2003/458,4909
2004,[2004] EWCA Crim 3446,https://caselaw.nationalarchives.gov.uk/ewca/crim/2004/3446,3083
2005,[2005] EWCA Crim 1284,https://caselaw.nationalarchives.gov.uk/ewca/crim/2005/1284,278
2006,[2006] EWCA Crim 3222,https://caselaw.nationalarchives.gov.uk/ewca/crim/2006/3222,3322
2007,[2007] EWCA Crim 1743,https://caselaw.nationalarchives.gov.uk/ewca/crim/2007/1743,3208
2008,[2008] EWCA Crim 1455,https://caselaw.nationalarchives.gov.uk/ewca/crim/2008/1455,3517
2009,[2009] EWCA Crim 160,https://caselaw.nationalarchives.gov.uk/ewca/crim/2009/160,3631
2010,[2010] EWCA Crim 2405,https://caselaw.nationalarchives.gov.uk/ewca/crim/2010/2405,3073
2011,[2011] EWCA Crim 1712,https://caselaw.nationalarchives.gov.uk/ewca/crim/2011/1712,3361
2012,[2012] EWCA Crim 1476,https://caselaw.nationalarchives.gov.uk/ewca/crim/2012/1476,2363
2013,[2013] EWCA Crim 1308,https://caselaw.nationalarchives.gov.uk/ewca/crim/2013/1308,1074
2014,[2014] EWCA Crim 1228,https://caselaw.nationalarchives.gov.uk/ewca/crim/2014/1228,601
2015,[2015] EWCA Crim 1328,https://caselaw.nationalarchives.gov.uk/ewca/crim/2015/1328,4042
2016,[2016] EWCA Crim 1631,https://caselaw.nationalarchives.gov.uk/ewca/crim/2016/1631,1165
2017,[2017] EWCA 1071 (Crim),https://caselaw.nationalarchives.gov.uk/ewca/crim/2017/1071,6142
2018,[2018] EWCA Crim 1755,https://caselaw.nationalarchives.gov.uk/ewca/crim/2018/1755,4517
2019,[2019] EWCA Crim 1961,https://caselaw.nationalarchives.gov.uk/ewca/crim/2019/1961,1052
2020,[2020] EWCA Crim 673,https://caselaw.nationalarchives.gov.uk/ewca/crim/2020/673,6125
2021,[2021] EWCA Crim 670,https://caselaw.nationalarchives.gov.uk/ewca/crim/2021/670,2207
2022,[2022] EWCA Crim 1259,https://caselaw.nationalarchives.gov.uk/ewca/crim/2022/1259,5903
2023,[2023] EWCA Crim 646,https://caselaw.nationalarchives.gov.uk/ewca/crim/2023/646,2836
2024,[2024] EWCA Crim 202,https://caselaw.nationalarchives.gov.uk/ewca/crim/2024/202,4138
2003,[2003] EWCA Crim 194,https://caselaw.nationalarchives.gov.uk/ewca/crim/2003/194,182
2004,[2004] EWCA Crim 1015,https://caselaw.nationalarchives.gov.uk/ewca/crim/2004/1015,2254
2005,[2005] EWCA Crim 1415,https://caselaw.nationalarchives.gov.uk/ewca/crim/2005/1415,3664
2006,[2006] EWCA Crim 1654,https://caselaw.nationalarchives.gov.uk/ewca/crim/2006/1654,3000
2007,[2007] EWCA Crim 1249,https://caselaw.nationalarchives.gov.uk/ewca/crim/2007/1249,2897
2008,[2008] EWCA Crim 134,https://caselaw.nationalarchives.gov.uk/ewca/crim/2008/134,2196
2009,[2009] EWCA Crim 119,https://caselaw.nationalarchives.gov.uk/ewca/crim/2009/119,2460
2010,[2010] EWCA Crim 2270,https://caselaw.nationalarchives.gov.uk/ewca/crim/2010/2270,4484
2011,[2011] EWCA Crim 1871,https://caselaw.nationalarchives.gov.uk/ewca/crim/2011/1871,5174
2012,[2012] EWCA Crim 1605,https://caselaw.nationalarchives.gov.uk/ewca/crim/2012/1605,3656
2013,[2013] EWCA Crim 435,https://caselaw.nationalarchives.gov.uk/ewca/crim/2013/435,2568
2014,[2014] EWCA Crim 690,https://caselaw.nationalarchives.gov.uk/ewca/crim/2014/690,687
2015,[2015] EWCA Crim 390,https://caselaw.nationalarchives.gov.uk/ewca/crim/2015/390,626
2016,[2016] EWCA Crim 676,https://caselaw.nationalarchives.gov.uk/ewca/crim/2016/676,4175
2017,[2017] EWCA Crim 1168,https://caselaw.nationalarchives.gov.uk/ewca/crim/2017/1168,5478
2018,[2018] EWCA Crim 2739,https://caselaw.nationalarchives.gov.uk/ewca/crim/2018/2739,4170
2019,[2019] EWCA Crim 1582,https://caselaw.nationalarchives.gov.uk/ewca/crim/2019/1582,3658
2020,[2020] EWCA Crim 1286,https://caselaw.nationalarchives.gov.uk/ewca/crim/2020/1286,5117
2021,[2021] EWCA Crim 655,https://caselaw.nationalarchives.gov.uk/ewca/crim/2021/655,3594
2022,[2022] EWCA Crim 1784,https://caselaw.nationalarchives.gov.uk/ewca/crim/2022/1784,403
2023,[2023] EWCA Crim 1063,https://caselaw.nationalarchives.gov.uk/ewca/crim/2023/1063,1662
2024,[2024] EWCA Crim 474,https://caselaw.nationalarchives.gov.uk/ewca/crim/2024/474,850
2003,[2003] EWCA Crim 1966,https://caselaw.nationalarchives.gov.uk/ewca/crim/2003/1966,5427
2004,[2004] EWCA Crim 2901,https://caselaw.nationalarchives.gov.uk/ewca/crim/2004/2901,2339
2005,[2005] EWCA Crim 1883,https://caselaw.nationalarchives.gov.uk/ewca/crim/2005/1883,3929
2006,[2006] EWCA Crim 1638,https://caselaw.nationalarchives.gov.uk/ewca/crim/2006/1638,4907
2007,[2007] EWCA Crim 876,https://caselaw.nationalarchives.gov.uk/ewca/crim/2007/876,4525
2008,[2008] EWCA Crim 2787,https://caselaw.nationalarchives.gov.uk/ewca/crim/2008/2787,6100
2009,[2009] EWCA Crim 456,https://caselaw.nationalarchives.gov.uk/ewca/crim/2009/456,6064
2010,[2010] EWCA Crim 1938,https://caselaw.nationalarchives.gov.uk/ewca/crim/2010/1938,3152
2011,[2011] EWCA Crim 1183,https://caselaw.nationalarchives.gov.uk/ewca/crim/2011/1183,4052
2012,[2012] EWCA Crim 10,https://caselaw.nationalarchives.gov.uk/ewca/crim/2012/10,4679
2013,[2013] EWCA Crim 591,https://caselaw.nationalarchives.gov.uk/ewca/crim/2013/591,3333
2014,[2014] EWCA Crim 945,https://caselaw.nationalarchives.gov.uk/ewca/crim/2014/945,1729
2015,[2015] EWCA Crim 353,https://caselaw.nationalarchives.gov.uk/ewca/crim/2015/353,2346
2016,[2016] EWCA Crim 1517,https://caselaw.nationalarchives.gov.uk/ewca/crim/2016/1517,5448
2017,[2017] EWCA Crim 106,https://caselaw.nationalarchives.gov.uk/ewca/crim/2017/106,5746
2018,[2018] EWCA Crim 903,https://caselaw.nationalarchives.gov.uk/ewca/crim/2018/903,3600
2019,[2019] EWCA Crim 1570,https://caselaw.nationalarchives.gov.uk/ewca/crim/2019/1570,3209
2020,[2020] EWCA Crim 147,https://caselaw.nationalarchives.gov.uk/ewca/crim/2020/147,5848
2021,[2021] EWCA Crim 224,https://caselaw.nationalarchives.gov.uk/ewca/crim/2021/224,4876
2022,[2022] EWCA Crim 1158,https://caselaw.nationalarchives.gov.uk/ewca/crim/2022/1158,5587
2023,[2023] EWCA Crim 1477,https://caselaw.nationalarchives.gov.uk/ewca/crim/2023/1477,3387
2024,[2024] EWCA Crim 292,https://caselaw.nationalarchives.gov.uk/ewca/crim/2024/292,2581
2003,[2003] EWCA Crim 2957,https://caselaw.nationalarchives.gov.uk/ewca/crim/2003/2957,4029
2004,[2004] EWCA Crim 599,https://caselaw.nationalarchives.gov.uk/ewca/crim/2004/599,5703
2005,[2005] EWCA Crim 3093,https://caselaw.nationalarchives.gov.uk/ewca/crim/2005/3093,907
2006,[2006] EWCA Crim 2924,https://caselaw.nationalarchives.gov.uk/ewca/crim/2006/2924,2936
2007,[2007] EWCA Crim 3027,https://caselaw.nationalarchives.gov.uk/ewca/crim/2007/3027,2783
2008,[2008] EWCA Crim 855,https://caselaw.nationalarchives.gov.uk/ewca/crim/2008/855,4707
2009,[2009] EWCA Crim 1612,https://caselaw.nationalarchives.gov.uk/ewca/crim/2009/1612,4655
2010,[2010] EWCA Crim 315,https://caselaw.nationalarchives.gov.uk/ewca/crim/2010/315,3814
2011,[2011] EWCA Crim 459,https://caselaw.nationalarchives.gov.uk/ewca/crim/2011/459,3867
2012,[2012] EWCA Crim 3039,https://caselaw.nationalarchives.gov.uk/ewca/crim/2012/3039,2688
2013,[2013] EWCA Crim 2420,https://caselaw.nationalarchives.gov.uk/ewca/crim/2013/2420,1866
2014,[2014] EWCA Crim 717,https://caselaw.nationalarchives.gov.uk/ewca/crim/2014/717,5272
2015,[2015] EWCA Crim 1911,https://caselaw.nationalarchives.gov.uk/ewca/crim/2015/1911,1633
2016,[2016] EWCA Crim 673,https://caselaw.nationalarchives.gov.uk/ewca/crim/2016/673,3131
2017,[2017] EWCA Crim 2061,https://caselaw.nationalarchives.gov.uk/ewca/crim/2017/2061,2137
2018,[2018] EWCA Crim 320,https://caselaw.nationalarchives.gov.uk/ewca/crim/2018/320,2775
2019,[2019] EWCA Crim 1575,https://caselaw.nationalarchives.gov.uk/ewca/crim/2019/1575,3561
2020,[2020] EWCA Crim 1719,https://caselaw.nationalarchives.gov.uk/ewca/crim/2020/1719,2185
2021,[2021] EWCA Crim 597,https://caselaw.nationalarchives.gov.uk/ewca/crim/2021/597,2638
2022,[2022] EWCA Crim 365,https://caselaw.nationalarchives.gov.uk/ewca/crim/2022/365,1251
2023,[2023] EWCA Crim 1204,https://caselaw.nationalarchives.gov.uk/ewca/crim/2023/1204,5847
2024,[2024] EWCA Crim 473,https://caselaw.nationalarchives.gov.uk/ewca/crim/2024/473,2134
2003,[2003] EWCA Crim 1555,https://caselaw.nationalarchives.gov.uk/ewca/crim/2003/1555,406
2004,[2004] EWCA Crim 2237,https://caselaw.nationalarchives.gov.uk/ewca/crim/2004/2237,107
2005,[2005] EWCA Crim 1089,https://caselaw.nationalarchives.gov.uk/ewca/crim/2005/1089,5998
2006,[2006] EWCA Crim 3063,https://caselaw.nationalarchives.gov.uk/ewca/crim/2006/3063,3295
2007,[2007] EWCA Crim 1913,https://caselaw.nationalarchives.gov.uk/ewca/crim/2007/1913,3205
2008,[2008] EWCA Crim 1034,https://caselaw.nationalarchives.gov.uk/ewca/crim/2008/1034,2777
2009,[2009] EWCA Crim 2355,https://caselaw.nationalarchives.gov.uk/ewca/crim/2009/2355,3039
2010,[2010] EWCA Crim 1403,https://caselaw.nationalarchives.gov.uk/ewca/crim/2010/1403,5100
2011,[2011] EWCA Crim 461,https://caselaw.nationalarchives.gov.uk/ewca/crim/2011/461,1122
2012,[2012] EWCA Crim 539,https://caselaw.nationalarchives.gov.uk/ewca/crim/2012/539,3880
2013,[2013] EWCA Crim 501,https://caselaw.nationalarchives.gov.uk/ewca/crim/2013/501,3481
2014,[2014] EWCA Crim 333,https://caselaw.nationalarchives.gov.uk/ewca/crim/2014/333,4873
2015,[2015] EWCA Crim 952,https://caselaw.nationalarchives.gov.uk/ewca/crim/2015/952,5785
2016,[2016] EWCA Crim 561,https://caselaw.nationalarchives.gov.uk/ewca/crim/2016/561,1263
2017,[2017] EWCA Crim 36,https://caselaw.nationalarchives.gov.uk/ewca/crim/2017/36,5666
2018,[2018] EWCA Crim 1473,https://caselaw.nationalarchives.gov.uk/ewca/crim/2018/1473,2031
2019,[2019] EWCA Crim 1628,https://caselaw.nationalarchives.gov.uk/ewca/crim/2019/1628,1580
2020,[2020] EWCA Crim 1433,https://caselaw.nationalarchives.gov.uk/ewca/crim/2020/1433,5396
2021,[2021] EWCA Crim 798,https://caselaw.nationalarchives.gov.uk/ewca/crim/2021/798,3835
2022,[2022] EWCA Crim 1437,https://caselaw.nationalarchives.gov.uk/ewca/crim/2022/1437,5643
2023,[2023] EWCA Crim 658,https://caselaw.nationalarchives.gov.uk/ewca/crim/2023/658,3612
2024,[2024] EWCA Crim 212,https://caselaw.nationalarchives.gov.uk/ewca/crim/2024/212,4890
2003,[2003] EWCA Crim 3003,https://caselaw.nationalarchives.gov.uk/ewca/crim/2003/3003,2648
2004,[2004] EWCA Crim 3380,https://caselaw.nationalarchives.gov.uk/ewca/crim/2004/3380,2330
2005,[2005] EWCA Crim 2347,https://caselaw.nationalarchives.gov.uk/ewca/crim/2005/2347,5274
2006,[2006] EWCA Crim 2512,https://caselaw.nationalarchives.gov.uk/ewca/crim/2006/2512,1155
2007,[2007] EWCA Crim 234,https://caselaw.nationalarchives.gov.uk/ewca/crim/2007/234,1282
2008,[2008] EWCA Crim 1308,https://caselaw.nationalarchives.gov.uk/ewca/crim/2008/1308,3907
2009,[2009] EWCA Crim 880,https://caselaw.nationalarchives.gov.uk/ewca/crim/2009/880,3903
2010,[2010] EWCA Crim 1858,https://caselaw.nationalarchives.gov.uk/ewca/crim/2010/1858,2369
2011,[2011] EWCA Crim 73,https://caselaw.nationalarchives.gov.uk/ewca/crim/2011/73,1985
2012,[2012] EWCA Crim 1870,https://caselaw.nationalarchives.gov.uk/ewca/crim/2012/1870,1220
2013,[2013] EWCA Crim 2287,https://caselaw.nationalarchives.gov.uk/ewca/crim/2013/2287,1780
2014,[2014] EWCA Crim 836,https://caselaw.nationalarchives.gov.uk/ewca/crim/2014/836,261
2015,[2015] EWCA Crim 906,https://caselaw.nationalarchives.gov.uk/ewca/crim/2015/906,3964
2016,[2016] EWCA Crim 2228,https://caselaw.nationalarchives.gov.uk/ewca/crim/2016/2228,1608
2017,[2017] EWCA Crim 849,https://caselaw.nationalarchives.gov.uk/ewca/crim/2017/849,1230
2018,[2018] EWCA Crim 2895,https://caselaw.nationalarchives.gov.uk/ewca/crim/2018/2895,4917
2019,[2019] EWCA Crim 296,https://caselaw.nationalarchives.gov.uk/ewca/crim/2019/296,250
2020,[2020] EWCA Crim 1266,https://caselaw.nationalarchives.gov.uk/ewca/crim/2020/1266,1428
2021,[2021] EWCA Crim 1720,https://caselaw.nationalarchives.gov.uk/ewca/crim/2021/1720,1427
2022,[2022] EWCA Crim 400,https://caselaw.nationalarchives.gov.uk/ewca/crim/2022/400,3167
2023,[2023] EWCA Crim 1679,https://caselaw.nationalarchives.gov.uk/ewca/crim/2023/1679,4019
2024,[2024] EWCA Crim 231,https://caselaw.nationalarchives.gov.uk/ewca/crim/2024/231,4604
2003,[2003] EWCA Crim 680,https://caselaw.nationalarchives.gov.uk/ewca/crim/2003/680,634
2004,[2004] EWCA Crim 1470,https://caselaw.nationalarchives.gov.uk/ewca/crim/2004/1470,667
2005,[2005] EWCA Crim 392,https://caselaw.nationalarchives.gov.uk/ewca/crim/2005/392,3831
2006,[2006] EWCA Crim 1679,https://caselaw.nationalarchives.gov.uk/ewca/crim/2006/1679,3135
2007,[2007] EWCA Crim 2322,https://caselaw.nationalarchives.gov.uk/ewca/crim/2007/2322,2977
2008,[2008] EWCA Crim 541,https://caselaw.nationalarchives.gov.uk/ewca/crim/2008/541,2591
2009,[2009] EWCA Crim 1942,https://caselaw.nationalarchives.gov.uk/ewca/crim/2009/1942,2910
2010,[2010] EWCA Crim 4,https://caselaw.nationalarchives.gov.uk/ewca/crim/2010/4,3408
2011,[2011] EWCA Crim 2651,https://caselaw.nationalarchives.gov.uk/ewca/crim/2011/2651,3460
2012,[2012] EWCA Crim 2211,https://caselaw.nationalarchives.gov.uk/ewca/crim/2012/2211,3490
2013,[2013] EWCA Crim 502,https://caselaw.nationalarchives.gov.uk/ewca/crim/2013/502,1185
2014,[2014] EWCA Crim 747,https://caselaw.nationalarchives.gov.uk/ewca/crim/2014/747,904
2015,[2015] EWCA Crim 1079,https://caselaw.nationalarchives.gov.uk/ewca/crim/2015/1079,448
2016,[2016] EWCA Crim 92,https://caselaw.nationalarchives.gov.uk/ewca/crim/2016/92,898
2017,[2017] EWCA Crim 32,https://caselaw.nationalarchives.gov.uk/ewca/crim/2017/32,3510
2018,[2018] EWCA Crim 1077,https://caselaw.nationalarchives.gov.uk/ewca/crim/2018/1077,5311
2019,[2019] EWCA Crim 1094,https://caselaw.nationalarchives.gov.uk/ewca/crim/2019/1094,2061
2020,[2020] EWCA Crim 820,https://caselaw.nationalarchives.gov.uk/ewca/crim/2020/820,4214
2021,[2021] EWCA Crim 1561,https://caselaw.nationalarchives.gov.uk/ewca/crim/2021/1561,3231
2022,[2022] EWCA Crim 1254,https://caselaw.nationalarchives.gov.uk/ewca/crim/2022/1254,5748
2023,[2023] EWCA Crim 181,https://caselaw.nationalarchives.gov.uk/ewca/crim/2023/181,2183
2024,[2024] EWCA Crim 104,https://caselaw.nationalarchives.gov.uk/ewca/crim/2024/104,590
2003,[2003] EWCA Crim 2196,https://caselaw.nationalarchives.gov.uk/ewca/crim/2003/2196,2828
2004,[2004] EWCA Crim 2907,https://caselaw.nationalarchives.gov.uk/ewca/crim/2004/2907,2927
2005,[2005] EWCA Crim 2909,https://caselaw.nationalarchives.gov.uk/ewca/crim/2005/2909,1565
2006,[2006] EWCA Crim 2570,https://caselaw.nationalarchives.gov.uk/ewca/crim/2006/2570,2300
2007,[2007] EWCA Crim 2787,https://caselaw.nationalarchives.gov.uk/ewca/crim/2007/2787,2015
2008,[2008] EWCA Crim 2019,https://caselaw.nationalarchives.gov.uk/ewca/crim/2008/2019,5008
2009,[2009] EWCA Crim 2322,https://caselaw.nationalarchives.gov.uk/ewca/crim/2009/2322,4932
2010,[2010] EWCA Crim 1149,https://caselaw.nationalarchives.gov.uk/ewca/crim/2010/1149,1894
2011,[2011] EWCA Crim 1130,https://caselaw.nationalarchives.gov.uk/ewca/crim/2011/1130,1924
2012,[2012] EWCA Crim 136,https://caselaw.nationalarchives.gov.uk/ewca/crim/2012/136,5817
2013,[2013] EWCA Crim 569,https://caselaw.nationalarchives.gov.uk/ewca/crim/2013/569,2565
2014,[2014] EWCA Crim 1243,https://caselaw.nationalarchives.gov.uk/ewca/crim/2014/1243,5559
2015,[2015] EWCA Crim 1791,https://caselaw.nationalarchives.gov.uk/ewca/crim/2015/1791,3589
2016,[2016] EWCA Crim 1746,https://caselaw.nationalarchives.gov.uk/ewca/crim/2016/1746,5269
2017,[2017] EWCA Crim 37,https://caselaw.nationalarchives.gov.uk/ewca/crim/2017/37,5838
2018,[2018] EWCA Crim 1384,https://caselaw.nationalarchives.gov.uk/ewca/crim/2018/1384,85
2019,[2019] EWCA Crim 520,https://caselaw.nationalarchives.gov.uk/ewca/crim/2019/520,5861
2020,[2020] EWCA Crim 1662,https://caselaw.nationalarchives.gov.uk/ewca/crim/2020/1662,4219
2021,[2021] EWCA Crim 1944,https://caselaw.nationalarchives.gov.uk/ewca/crim/2021/1944,5854
2022,[2022] EWCA Crim 456,https://caselaw.nationalarchives.gov.uk/ewca/crim/2022/456,249
2023,[2023] EWCA Crim 1236,https://caselaw.nationalarchives.gov.uk/ewca/crim/2023/1236,4006
2024,[2024] EWCA Crim 490,https://caselaw.nationalarchives.gov.uk/ewca/crim/2024/490,4007
2003,[2003] EWCA Crim 3214,https://caselaw.nationalarchives.gov.uk/ewca/crim/2003/3214,469
2004,[2004] EWCA Crim 2100,https://caselaw.nationalarchives.gov.uk/ewca/crim/2004/2100,5658
2005,[2005] EWCA Crim 3692,https://caselaw.nationalarchives.gov.uk/ewca/crim/2005/3692,2624
2006,[2006] EWCA Crim 270,https://caselaw.nationalarchives.gov.uk/ewca/crim/2006/270,4589
2007,[2007] EWCA Crim 205,https://caselaw.nationalarchives.gov.uk/ewca/crim/2007/205,4294
2008,[2008] EWCA Crim 248,https://caselaw.nationalarchives.gov.uk/ewca/crim/2008/248,48
2009,[2009] EWCA Crim 733,https://caselaw.nationalarchives.gov.uk/ewca/crim/2009/733,81
2010,[2010] EWCA Crim 2422,https://caselaw.nationalarchives.gov.uk/ewca/crim/2010/2422,4820
2011,[2011] EWCA Crim 939,https://caselaw.nationalarchives.gov.uk/ewca/crim/2011/939,5760
2012,[2012] EWCA Crim 1717,https://caselaw.nationalarchives.gov.uk/ewca/crim/2012/1717,3413
2013,[2013] EWCA Crim 773,https://caselaw.nationalarchives.gov.uk/ewca/crim/2013/773,162
2014,[2014] EWCA Crim 1555,https://caselaw.nationalarchives.gov.uk/ewca/crim/2014/1555,4091
2015,[2015] EWCA Crim 1123,https://caselaw.nationalarchives.gov.uk/ewca/crim/2015/1123,3900
2016,[2016] EWCA Crim 1321,https://caselaw.nationalarchives.gov.uk/ewca/crim/2016/1321,3053
2017,[2017] EWCA Crim 822,https://caselaw.nationalarchives.gov.uk/ewca/crim/2017/822,52
2018,[2018] EWCA Crim 691,https://caselaw.nationalarchives.gov.uk/ewca/crim/2018/691,2352
2019,[2019] EWCA Crim 1464,https://caselaw.nationalarchives.gov.uk/ewca/crim/2019/1464,5129
2020,[2020] EWCA Crim 482,https://caselaw.nationalarchives.gov.uk/ewca/crim/2020/482,153
2021,[2021] EWCA Crim 318,https://caselaw.nationalarchives.gov.uk/ewca/crim/2021/318,3150
2022,[2022] EWCA Crim 1548,https://caselaw.nationalarchives.gov.uk/ewca/crim/2022/1548,3775
2023,[2023] EWCA Crim 315,https://caselaw.nationalarchives.gov.uk/ewca/crim/2023/315,86
2024,[2024] EWCA Crim 88,https://caselaw.nationalarchives.gov.uk/ewca/crim/2024/88,4114
2003,[2003] EWCA Crim 3182,https://caselaw.nationalarchives.gov.uk/ewca/crim/2003/3182,6054
2004,[2004] EWCA Crim 621,https://caselaw.nationalarchives.gov.uk/ewca/crim/2004/621,5961
2005,[2005] EWCA Crim 1722,https://caselaw.nationalarchives.gov.uk/ewca/crim/2005/1722,3899
2006,[2006] EWCA Crim 69,https://caselaw.nationalarchives.gov.uk/ewca/crim/2006/69,1802
2007,[2007] EWCA Crim 3021,https://caselaw.nationalarchives.gov.uk/ewca/crim/2007/3021,1702
2008,[2008] EWCA Crim 1863,https://caselaw.nationalarchives.gov.uk/ewca/crim/2008/1863,2939
2009,[2009] EWCA Crim 2182,https://caselaw.nationalarchives.gov.uk/ewca/crim/2009/2182,3174
2010,[2010] EWCA Crim 2300,https://caselaw.nationalarchives.gov.uk/ewca/crim/2010/2300,3701
2011,[2011] EWCA Crim 1235,https://caselaw.nationalarchives.gov.uk/ewca/crim/2011/1235,1788
2012,[2012] EWCA Crim 794,https://caselaw.nationalarchives.gov.uk/ewca/crim/2012/794,4032
2013,[2013] EWCA Crim 261,https://caselaw.nationalarchives.gov.uk/ewca/crim/2013/261,6072
2014,[2014] EWCA Crim 421,https://caselaw.nationalarchives.gov.uk/ewca/crim/2014/421,939
2015,[2015] EWCA Crim 305,https://caselaw.nationalarchives.gov.uk/ewca/crim/2015/305,327
2016,[2016] EWCA Crim 11,https://caselaw.nationalarchives.gov.uk/ewca/crim/2016/11,4866
2017,[2017] EWCA Crim 2508,https://caselaw.nationalarchives.gov.uk/ewca/crim/2017/2508,1726
2018,[2018] EWCA Crim 2872,https://caselaw.nationalarchives.gov.uk/ewca/crim/2018/2872,2875
2019,[2019] EWCA Crim 2332,https://caselaw.nationalarchives.gov.uk/ewca/crim/2019/2332,2600
2020,[2020] EWCA Crim 47,https://caselaw.nationalarchives.gov.uk/ewca/crim/2020/47,5867
2021,[2021] EWCA Crim 564,https://caselaw.nationalarchives.gov.uk/ewca/crim/2021/564,4068
2022,[2022] EWCA Crim 433,https://caselaw.nationalarchives.gov.uk/ewca/crim/2022/433,4823
2023,[2023] EWCA Crim 661,https://caselaw.nationalarchives.gov.uk/ewca/crim/2023/661,3312
2024,[2024] EWCA Crim 103,https://caselaw.nationalarchives.gov.uk/ewca/crim/2024/103,426
2003,[2003] EWCA Crim 1008,https://caselaw.nationalarchives.gov.uk/ewca/crim/2003/1008,3790
2004,[2004] EWCA Crim 2674,https://caselaw.nationalarchives.gov.uk/ewca/crim/2004/2674,2907
2005,[2005] EWCA Crim 112,https://caselaw.nationalarchives.gov.uk/ewca/crim/2005/112,1426
2006,[2006] EWCA Crim 1926,https://caselaw.nationalarchives.gov.uk/ewca/crim/2006/1926,1515
2007,[2007] EWCA Crim 926,https://caselaw.nationalarchives.gov.uk/ewca/crim/2007/926,1465
2008,[2008] EWCA Crim 531,https://caselaw.nationalarchives.gov.uk/ewca/crim/2008/531,3713
2009,[2009] EWCA Crim 549,https://caselaw.nationalarchives.gov.uk/ewca/crim/2009/549,3800
2010,[2010] EWCA Crim 970,https://caselaw.nationalarchives.gov.uk/ewca/crim/2010/970,5362
2011,[2011] EWCA Crim 2991,https://caselaw.nationalarchives.gov.uk/ewca/crim/2011/2991,3622
2012,[2012] EWCA Crim 1785,https://caselaw.nationalarchives.gov.uk/ewca/crim/2012/1785,350
2013,[2013] EWCA Crim 326,https://caselaw.nationalarchives.gov.uk/ewca/crim/2013/326,5302
2014,[2014] EWCA Crim 414,https://caselaw.nationalarchives.gov.uk/ewca/crim/2014/414,5387
2015,[2015] EWCA Crim 1515,https://caselaw.nationalarchives.gov.uk/ewca/crim/2015/1515,154
2016,[2016] EWCA Crim 599,https://caselaw.nationalarchives.gov.uk/ewca/crim/2016/599,499
2017,[2017] EWCA Crim 1466,https://caselaw.nationalarchives.gov.uk/ewca/crim/2017/1466,1966
2018,[2018] EWCA Crim 2693,https://caselaw.nationalarchives.gov.uk/ewca/crim/2018/2693,1373
2019,[2019] EWCA Crim 1090,https://caselaw.nationalarchives.gov.uk/ewca/crim/2019/1090,4654
2020,[2020] EWCA Crim 1345,https://caselaw.nationalarchives.gov.uk/ewca/crim/2020/1345,2554
2021,[2021] EWCA Crim 659,https://caselaw.nationalarchives.gov.uk/ewca/crim/2021/659,864
2022,[2022] EWCA Crim 478,https://caselaw.nationalarchives.gov.uk/ewca/crim/2022/478,3839
2023,[2023] EWCA Crim 1280,https://caselaw.nationalarchives.gov.uk/ewca/crim/2023/1280,3944
2024,[2024] EWCA Crim 286,https://caselaw.nationalarchives.gov.uk/ewca/crim/2024/286,142
2003,[2003] EWCA Crim 3110,https://caselaw.nationalarchives.gov.uk/ewca/crim/2003/3110,3248
2004,[2004] EWCA Crim 2848,https://caselaw.nationalarchives.gov.uk/ewca/crim/2004/2848,4547
2005,[2005] EWCA Crim 1796,https://caselaw.nationalarchives.gov.uk/ewca/crim/2005/1796,4461
2006,[2006] EWCA Crim 2757,https://caselaw.nationalarchives.gov.uk/ewca/crim/2006/2757,3243
2007,[2007] EWCA Crim 123,https://caselaw.nationalarchives.gov.uk/ewca/crim/2007/123,3108
2008,[2008] EWCA Crim 1027,https://caselaw.nationalarchives.gov.uk/ewca/crim/2008/1027,4577
2009,[2009] EWCA Crim 702,https://caselaw.nationalarchives.gov.uk/ewca/crim/2009/702,4600
2010,[2010] EWCA Crim 2335,https://caselaw.nationalarchives.gov.uk/ewca/crim/2010/2335,4057
2011,[2011] EWCA Crim 1142,https://caselaw.nationalarchives.gov.uk/ewca/crim/2011/1142,4408
2012,[2012] EWCA Crim 2214,https://caselaw.nationalarchives.gov.uk/ewca/crim/2012/2214,2552
2013,[2013] EWCA Crim 644,https://caselaw.nationalarchives.gov.uk/ewca/crim/2013/644,3546
2014,[2014] EWCA Crim 54,https://caselaw.nationalarchives.gov.uk/ewca/crim/2014/54,1868
2015,[2015] EWCA Crim 1501,https://caselaw.nationalarchives.gov.uk/ewca/crim/2015/1501,4249
2016,[2016] EWCA Crim 2217,https://caselaw.nationalarchives.gov.uk/ewca/crim/2016/2217,3537
2017,[2017] EWCA Crim 34,https://caselaw.nationalarchives.gov.uk/ewca/crim/2017/34,2304
2018,[2018] EWCA Crim 1531_2,https://caselaw.nationalarchives.gov.uk/ewca/crim/2018/1531,5644
2019,[2019] EWCA Crim 1282,https://caselaw.nationalarchives.gov.uk/ewca/crim/2019/1282,137
2020,[2020] EWCA Crim 301,https://caselaw.nationalarchives.gov.uk/ewca/crim/2020/301,2478
2021,[2021] EWCA Crim 1563,https://caselaw.nationalarchives.gov.uk/ewca/crim/2021/1563,2398
2022,[2022] EWCA Crim 1487,https://caselaw.nationalarchives.gov.uk/ewca/crim/2022/1487,544
2023,[2023] EWCA Crim 1016,https://caselaw.nationalarchives.gov.uk/ewca/crim/2023/1016,3175
2024,[2024] EWCA Crim 484,https://caselaw.nationalarchives.gov.uk/ewca/crim/2024/484,3993
2003,[2003] EWCA Crim 3213,https://caselaw.nationalarchives.gov.uk/ewca/crim/2003/3213,4304
2004,[2004] EWCA Crim 1607,https://caselaw.nationalarchives.gov.uk/ewca/crim/2004/1607,993
2005,[2005] EWCA Crim 3245,https://caselaw.nationalarchives.gov.uk/ewca/crim/2005/3245,856
2006,[2006] EWCA Crim 1946,https://caselaw.nationalarchives.gov.uk/ewca/crim/2006/1946,3683
2007,[2007] EWCA Crim 1389,https://caselaw.nationalarchives.gov.uk/ewca/crim/2007/1389,3457
2008,[2008] EWCA Crim 2212,https://caselaw.nationalarchives.gov.uk/ewca/crim/2008/2212,5476
2009,[2009] EWCA Crim 2220,https://caselaw.nationalarchives.gov.uk/ewca/crim/2009/2220,5364
2010,[2010] EWCA Crim 2000,https://caselaw.nationalarchives.gov.uk/ewca/crim/2010/2000,3681
2011,[2011] EWCA Crim 871,https://caselaw.nationalarchives.gov.uk/ewca/crim/2011/871,4854
2012,[2012] EWCA Crim 2434,https://caselaw.nationalarchives.gov.uk/ewca/crim/2012/2434,4868
2013,[2013] EWCA Crim 1175,https://caselaw.nationalarchives.gov.uk/ewca/crim/2013/1175,2604
2014,[2014] EWCA Crim 734,https://caselaw.nationalarchives.gov.uk/ewca/crim/2014/734,4008
2015,[2015] EWCA Crim 1630,https://caselaw.nationalarchives.gov.uk/ewca/crim/2015/1630,1312
2016,[2016] EWCA Crim 447,https://caselaw.nationalarchives.gov.uk/ewca/crim/2016/447,4343
2017,[2017] EWCA Crim 1778,https://caselaw.nationalarchives.gov.uk/ewca/crim/2017/1778,2856
2018,[2018] EWCA Crim 1101,https://caselaw.nationalarchives.gov.uk/ewca/crim/2018/1101,3383
2019,[2019] EWCA Crim 2093,https://caselaw.nationalarchives.gov.uk/ewca/crim/2019/2093,2723
2020,[2020] EWCA Crim 140,https://caselaw.nationalarchives.gov.uk/ewca/crim/2020/140,4477
2021,[2021] EWCA Crim 25,https://caselaw.nationalarchives.gov.uk/ewca/crim/2021/25,5215
2022,[2022] EWCA Crim 853,https://caselaw.nationalarchives.gov.uk/ewca/crim/2022/853,2871
2023,[2023] EWCA Crim 35,https://caselaw.nationalarchives.gov.uk/ewca/crim/2023/35,2610
2024,[2024] EWCA Crim 499,https://caselaw.nationalarchives.gov.uk/ewca/crim/2024/499,1642
2003,[2003] EWCA Crim 1020,https://caselaw.nationalarchives.gov.uk/ewca/crim/2003/1020,941
2004,[2004] EWCA Crim 1754,https://caselaw.nationalarchives.gov.uk/ewca/crim/2004/1754,5428
2005,[2005] EWCA Crim 653,https://caselaw.nationalarchives.gov.uk/ewca/crim/2005/653,3075
2006,[2006] EWCA Crim 400,https://caselaw.nationalarchives.gov.uk/ewca/crim/2006/400,1003
2007,[2007] EWCA Crim 2140,https://caselaw.nationalarchives.gov.uk/ewca/crim/2007/2140,1179
2008,[2008] EWCA Crim 474,https://caselaw.nationalarchives.gov.uk/ewca/crim/2008/474,2533
2009,[2009] EWCA Crim 1533,https://caselaw.nationalarchives.gov.uk/ewca/crim/2009/1533,2816
2010,[2010] EWCA Crim 700,https://caselaw.nationalarchives.gov.uk/ewca/crim/2010/700,1168
2011,[2011] EWCA Crim 3237,https://caselaw.nationalarchives.gov.uk/ewca/crim/2011/3237,4871
2012,[2012] EWCA Crim 1508,https://caselaw.nationalarchives.gov.uk/ewca/crim/2012/1508,5995
2013,[2013] EWCA Crim 85,https://caselaw.nationalarchives.gov.uk/ewca/crim/2013/85,2872
2014,[2014] EWCA Crim 227,https://caselaw.nationalarchives.gov.uk/ewca/crim/2014/227,3450
2015,[2015] EWCA Crim 383,https://caselaw.nationalarchives.gov.uk/ewca/crim/2015/383,4392
2016,[2016] EWCA Crim 1234,https://caselaw.nationalarchives.gov.uk/ewca/crim/2016/1234,1356
2017,[2017] EWCA Crim 457,https://caselaw.nationalarchives.gov.uk/ewca/crim/2017/457,4699
2018,[2018] EWCA Crim 2485,https://caselaw.nationalarchives.gov.uk/ewca/crim/2018/2485,4296
2019,[2019] EWCA Crim 598,https://caselaw.nationalarchives.gov.uk/ewca/crim/2019/598,4257
2020,[2020] EWCA Crim 893,https://caselaw.nationalarchives.gov.uk/ewca/crim/2020/893,5284
2021,[2021] EWCA Crim 568,https://caselaw.nationalarchives.gov.uk/ewca/crim/2021/568,5901
2022,[2022] EWCA Crim 1074,https://caselaw.nationalarchives.gov.uk/ewca/crim/2022/1074,260
2023,[2023] EWCA Crim 1195,https://caselaw.nationalarchives.gov.uk/ewca/crim/2023/1195,2335
2024,[2024] EWCA Crim 76,https://caselaw.nationalarchives.gov.uk/ewca/crim/2024/76,3863
2003,[2003] EWCA Crim 236,https://caselaw.nationalarchives.gov.uk/ewca/crim/2003/236,5951
2004,[2004] EWCA Crim 1834,https://caselaw.nationalarchives.gov.uk/ewca/crim/2004/1834,5575
2005,[2005] EWCA Crim 971,https://caselaw.nationalarchives.gov.uk/ewca/crim/2005/971,739
2006,[2006] EWCA Crim 2341,https://caselaw.nationalarchives.gov.uk/ewca/crim/2006/2341,1018
2007,[2007] EWCA Crim 1846,https://caselaw.nationalarchives.gov.uk/ewca/crim/2007/1846,1181
2008,[2008] EWCA Crim 2372,https://caselaw.nationalarchives.gov.uk/ewca/crim/2008/2372,2136
2009,[2009] EWCA Crim 2347,https://caselaw.nationalarchives.gov.uk/ewca/crim/2009/2347,2430
2010,[2010] EWCA Crim 357,https://caselaw.nationalarchives.gov.uk/ewca/crim/2010/357,3158
2011,[2011] EWCA Crim 2029,https://caselaw.nationalarchives.gov.uk/ewca/crim/2011/2029,1969
2012,[2012] EWCA Crim 1185,https://caselaw.nationalarchives.gov.uk/ewca/crim/2012/1185,2395
2013,[2013] EWCA Crim 991,https://caselaw.nationalarchives.gov.uk/ewca/crim/2013/991,955
2014,[2014] EWCA Crim 1480,https://caselaw.nationalarchives.gov.uk/ewca/crim/2014/1480,1000
2015,[2015] EWCA Crim 2364,https://caselaw.nationalarchives.gov.uk/ewca/crim/2015/2364,4578
2016,[2016] EWCA Crim 2017,https://caselaw.nationalarchives.gov.uk/ewca/crim/2016/2017,3583
2017,[2017] EWCA Crim 2314,https://caselaw.nationalarchives.gov.uk/ewca/crim/2017/2314,4402
2018,[2018] EWCA Crim 2248,https://caselaw.nationalarchives.gov.uk/ewca/crim/2018/2248,105
2019,[2019] EWCA Crim 1281,https://caselaw.nationalarchives.gov.uk/ewca/crim/2019/1281,3172
2020,[2020] EWCA Crim 1748,https://caselaw.nationalarchives.gov.uk/ewca/crim/2020/1748,1817
2021,[2021] EWCA Crim 523,https://caselaw.nationalarchives.gov.uk/ewca/crim/2021/523,2215
2022,[2022] EWCA Crim 410,https://caselaw.nationalarchives.gov.uk/ewca/crim/2022/410,4629
2023,[2023] EWCA Crim 1408,https://caselaw.nationalarchives.gov.uk/ewca/crim/2023/1408,3263
2024,[2024] EWCA Crim 471,https://caselaw.nationalarchives.gov.uk/ewca/crim/2024/471,4054
2003,[2003] EWCA Crim 3309,https://caselaw.nationalarchives.gov.uk/ewca/crim/2003/3309,2959
2004,[2004] EWCA Crim 2521,https://caselaw.nationalarchives.gov.uk/ewca/crim/2004/2521,4791
2005,[2005] EWCA Crim 396,https://caselaw.nationalarchives.gov.uk/ewca/crim/2005/396,2417
2006,[2006] EWCA Crim 1040,https://caselaw.nationalarchives.gov.uk/ewca/crim/2006/1040,4055
2007,[2007] EWCA Crim 1357,https://caselaw.nationalarchives.gov.uk/ewca/crim/2007/1357,3930
2008,[2008] EWCA Crim 2022,https://caselaw.nationalarchives.gov.uk/ewca/crim/2008/2022,2292
2009,[2009] EWCA Crim 602,https://caselaw.nationalarchives.gov.uk/ewca/crim/2009/602,2625
2010,[2010] EWCA Crim 2439,https://caselaw.nationalarchives.gov.uk/ewca/crim/2010/2439,1902
2011,[2011] EWCA Crim 1197,https://caselaw.nationalarchives.gov.uk/ewca/crim/2011/1197,3316
2012,[2012] EWCA Crim 1,https://caselaw.nationalarchives.gov.uk/ewca/crim/2012/1,3855
2013,[2013] EWCA Crim 2367,https://caselaw.nationalarchives.gov.uk/ewca/crim/2013/2367,2911
2014,[2014] EWCA Crim 567,https://caselaw.nationalarchives.gov.uk/ewca/crim/2014/567,1949
2015,[2015] EWCA Crim 349,https://caselaw.nationalarchives.gov.uk/ewca/crim/2015/349,5225
2016,[2016] EWCA Crim 1588,https://caselaw.nationalarchives.gov.uk/ewca/crim/2016/1588,1677
2017,[2017] EWCA Crim 482,https://caselaw.nationalarchives.gov.uk/ewca/crim/2017/482,4852
2018,[2018] EWCA Crim 2550,https://caselaw.nationalarchives.gov.uk/ewca/crim/2018/2550,1377
2019,[2019] EWCA Crim 1585,https://caselaw.nationalarchives.gov.uk/ewca/crim/2019/1585,1160
2020,[2020] EWCA Crim 607,https://caselaw.nationalarchives.gov.uk/ewca/crim/2020/607,4342
2021,[2021] EWCA Crim 738,https://caselaw.nationalarchives.gov.uk/ewca/crim/2021/738,3771
2022,[2022] EWCA Crim 1470,https://caselaw.nationalarchives.gov.uk/ewca/crim/2022/1470,2244
2023,[2023] EWCA Crim 421,https://caselaw.nationalarchives.gov.uk/ewca/crim/2023/421,549
2024,[2024] EWCA Crim 370,https://caselaw.nationalarchives.gov.uk/ewca/crim/2024/370,5277
2003,[2003] EWCA Crim 419,https://caselaw.nationalarchives.gov.uk/ewca/crim/2003/419,5893
2004,[2004] EWCA Crim 2723,https://caselaw.nationalarchives.gov.uk/ewca/crim/2004/2723,1703
2005,[2005] EWCA Crim 3429,https://caselaw.nationalarchives.gov.uk/ewca/crim/2005/3429,93
2006,[2006] EWCA Crim 285,https://caselaw.nationalarchives.gov.uk/ewca/crim/2006/285,4434
2007,[2007] EWCA Crim 1873,https://caselaw.nationalarchives.gov.uk/ewca/crim/2007/1873,4191
2008,[2008] EWCA Crim 585,https://caselaw.nationalarchives.gov.uk/ewca/crim/2008/585,6131
2009,[2009] EWCA Crim 1871,https://caselaw.nationalarchives.gov.uk/ewca/crim/2009/1871,6078
2010,[2010] EWCA Crim 244,https://caselaw.nationalarchives.gov.uk/ewca/crim/2010/244,1441
2011,[2011] EWCA Crim 2126,https://caselaw.nationalarchives.gov.uk/ewca/crim/2011/2126,1620
2012,[2012] EWCA Crim 1336,https://caselaw.nationalarchives.gov.uk/ewca/crim/2012/1336,1385
2013,[2013] EWCA Crim 2313,https://caselaw.nationalarchives.gov.uk/ewca/crim/2013/2313,4687
2014,[2014] EWCA Crim 1924,https://caselaw.nationalarchives.gov.uk/ewca/crim/2014/1924,1357
2015,[2015] EWCA Crim 1250,https://caselaw.nationalarchives.gov.uk/ewca/crim/2015/1250,1147
2016,[2016] EWCA Crim 1844,https://caselaw.nationalarchives.gov.uk/ewca/crim/2016/1844,1824
2017,[2017] EWCA Crim 597,https://caselaw.nationalarchives.gov.uk/ewca/crim/2017/597,1068
2018,[2018] EWCA Crim 328,https://caselaw.nationalarchives.gov.uk/ewca/crim/2018/328,2865
2019,[2019] EWCA Crim 17,https://caselaw.nationalarchives.gov.uk/ewca/crim/2019/17,2264
2020,[2020] EWCA Crim 971,https://caselaw.nationalarchives.gov.uk/ewca/crim/2020/971,1324
2021,[2021] EWCA Crim 268,https://caselaw.nationalarchives.gov.uk/ewca/crim/2021/268,1528
2022,[2022] EWCA Crim 248,https://caselaw.nationalarchives.gov.uk/ewca/crim/2022/248,2511
2023,[2023] EWCA Crim 205,https://caselaw.nationalarchives.gov.uk/ewca/crim/2023/205,4194
2024,[2024] EWCA Crim 20,https://caselaw.nationalarchives.gov.uk/ewca/crim/2024/20,1347
2003,[2003] EWCA Crim 636,https://caselaw.nationalarchives.gov.uk/ewca/crim/2003/636,3819
2004,[2004] EWCA Crim 1025,https://caselaw.nationalarchives.gov.uk/ewca/crim/2004/1025,3352
2005,[2005] EWCA Crim 1986,https://caselaw.nationalarchives.gov.uk/ewca/crim/2005/1986,5642
2006,[2006] EWCA Crim 2325,https://caselaw.nationalarchives.gov.uk/ewca/crim/2006/2325,1781
2007,[2007] EWCA Crim 3052,https://caselaw.nationalarchives.gov.uk/ewca/crim/2007/3052,1674
2008,[2008] EWCA Crim 703,https://caselaw.nationalarchives.gov.uk/ewca/crim/2008/703,3351
2009,[2009] EWCA Crim 1861,https://caselaw.nationalarchives.gov.uk/ewca/crim/2009/1861,3480
2010,[2010] EWCA Crim 206,https://caselaw.nationalarchives.gov.uk/ewca/crim/2010/206,34
2011,[2011] EWCA Crim 74,https://caselaw.nationalarchives.gov.uk/ewca/crim/2011/74,3773
2012,[2012] EWCA Crim 1761,https://caselaw.nationalarchives.gov.uk/ewca/crim/2012/1761,75
2013,[2013] EWCA Crim 1993,https://caselaw.nationalarchives.gov.uk/ewca/crim/2013/1993,2695
2014,[2014] EWCA Crim 339,https://caselaw.nationalarchives.gov.uk/ewca/crim/2014/339,4639
2015,[2015] EWCA Crim 1308,https://caselaw.nationalarchives.gov.uk/ewca/crim/2015/1308,2870
2016,[2016] EWCA Crim 745,https://caselaw.nationalarchives.gov.uk/ewca/crim/2016/745,866
2017,[2017] EWCA Crim 317,https://caselaw.nationalarchives.gov.uk/ewca/crim/2017/317,588
2018,[2018] EWCA Crim 1068,https://caselaw.nationalarchives.gov.uk/ewca/crim/2018/1068,5391
2019,[2019] EWCA Crim 813,https://caselaw.nationalarchives.gov.uk/ewca/crim/2019/813,1664
2020,[2020] EWCA Crim 650,https://caselaw.nationalarchives.gov.uk/ewca/crim/2020/650,758
2021,[2021] EWCA Crim 438,https://caselaw.nationalarchives.gov.uk/ewca/crim/2021/438,320
2022,[2022] EWCA Crim 897,https://caselaw.nationalarchives.gov.uk/ewca/crim/2022/897,6048
2023,[2023] EWCA Crim 200,https://caselaw.nationalarchives.gov.uk/ewca/crim/2023/200,3056
2024,[2024] EWCA Crim 399,https://caselaw.nationalarchives.gov.uk/ewca/crim/2024/399,4527
2003,[2003] EWCA Crim 3486,https://caselaw.nationalarchives.gov.uk/ewca/crim/2003/3486,5005
2004,[2004] EWCA Crim 3014,https://caselaw.nationalarchives.gov.uk/ewca/crim/2004/3014,2636
2005,[2005] EWCA Crim 346,https://caselaw.nationalarchives.gov.uk/ewca/crim/2005/346,5930
2006,[2006] EWCA Crim 1721,https://caselaw.nationalarchives.gov.uk/ewca/crim/2006/1721,1676
2007,[2007] EWCA Crim 3312,https://caselaw.nationalarchives.gov.uk/ewca/crim/2007/3312,1517
2008,[2008] EWCA Crim 971,https://caselaw.nationalarchives.gov.uk/ewca/crim/2008/971,5789
2009,[2009] EWCA Crim 2878,https://caselaw.nationalarchives.gov.uk/ewca/crim/2009/2878,5891
2010,[2010] EWCA Crim 829,https://caselaw.nationalarchives.gov.uk/ewca/crim/2010/829,2375
2011,[2011] EWCA Crim 2854,https://caselaw.nationalarchives.gov.uk/ewca/crim/2011/2854,1896
2012,[2012] EWCA Crim 434,https://caselaw.nationalarchives.gov.uk/ewca/crim/2012/434,1805
2013,[2013] EWCA Crim 1394,https://caselaw.nationalarchives.gov.uk/ewca/crim/2013/1394,4579
2014,[2014] EWCA Crim 2290,https://caselaw.nationalarchives.gov.uk/ewca/crim/2014/2290,3183
2015,[2015] EWCA Crim 659,https://caselaw.nationalarchives.gov.uk/ewca/crim/2015/659,1108
2016,[2016] EWCA Crim 608,https://caselaw.nationalarchives.gov.uk/ewca/crim/2016/608,2896
2017,[2017] EWCA Crim 1134,https://caselaw.nationalarchives.gov.uk/ewca/crim/2017/1134,1542
2018,[2018] EWCA Crim 2458,https://caselaw.nationalarchives.gov.uk/ewca/crim/2018/2458,5790
2019,[2019] EWCA Crim 1151,https://caselaw.nationalarchives.gov.uk/ewca/crim/2019/1151,4083
2020,[2020] EWCA Crim 1801,https://caselaw.nationalarchives.gov.uk/ewca/crim/2020/1801,1707
2021,[2021] EWCA Crim 572,https://caselaw.nationalarchives.gov.uk/ewca/crim/2021/572,1688
2022,[2022] EWCA Crim 1817,https://caselaw.nationalarchives.gov.uk/ewca/crim/2022/1817,4845
2023,[2023] EWCA Crim 241,https://caselaw.nationalarchives.gov.uk/ewca/crim/2023/241,4022
2024,[2024] EWCA Crim 256,https://caselaw.nationalarchives.gov.uk/ewca/crim/2024/256,1101
2003,[2003] EWCA Crim 1824,https://caselaw.nationalarchives.gov.uk/ewca/crim/2003/1824,1975
2004,[2004] EWCA Crim 669,https://caselaw.nationalarchives.gov.uk/ewca/crim/2004/669,4998
2005,[2005] EWCA Crim 2252,https://caselaw.nationalarchives.gov.uk/ewca/crim/2005/2252,5617
2006,[2006] EWCA Crim 2722,https://caselaw.nationalarchives.gov.uk/ewca/crim/2006/2722,5050
2007,[2007] EWCA Crim 3432,https://caselaw.nationalarchives.gov.uk/ewca/crim/2007/3432,4807
2008,[2008] EWCA Crim 5,https://caselaw.nationalarchives.gov.uk/ewca/crim/2008/5,2669
2009,[2009] EWCA Crim 2555,https://caselaw.nationalarchives.gov.uk/ewca/crim/2009/2555,2954
2010,[2010] EWCA Crim 1949,https://caselaw.nationalarchives.gov.uk/ewca/crim/2010/1949,5692
2011,[2011] EWCA Crim 299,https://caselaw.nationalarchives.gov.uk/ewca/crim/2011/299,4283
2012,[2012] EWCA Crim 1457,https://caselaw.nationalarchives.gov.uk/ewca/crim/2012/1457,1882
2013,[2013] EWCA Crim 987,https://caselaw.nationalarchives.gov.uk/ewca/crim/2013/987,1476
2014,[2014] EWCA Crim 963,https://caselaw.nationalarchives.gov.uk/ewca/crim/2014/963,1124
2015,[2015] EWCA Crim 1582,https://caselaw.nationalarchives.gov.uk/ewca/crim/2015/1582,1587
2016,[2016] EWCA Crim 1541,https://caselaw.nationalarchives.gov.uk/ewca/crim/2016/1541,5355
2017,[2017] EWCA Crim 648,https://caselaw.nationalarchives.gov.uk/ewca/crim/2017/648,5678
2018,[2018] EWCA Crim 1064,https://caselaw.nationalarchives.gov.uk/ewca/crim/2018/1064,4071
2019,[2019] EWCA Crim 499,https://caselaw.nationalarchives.gov.uk/ewca/crim/2019/499,150
2020,[2020] EWCA Crim 407,https://caselaw.nationalarchives.gov.uk/ewca/crim/2020/407,5406
2021,[2021] EWCA Crim 1922,https://caselaw.nationalarchives.gov.uk/ewca/crim/2021/1922,1767
2022,[2022] EWCA Crim 1475,https://caselaw.nationalarchives.gov.uk/ewca/crim/2022/1475,4131
2023,[2023] EWCA Crim 1538,https://caselaw.nationalarchives.gov.uk/ewca/crim/2023/1538,4367
2024,[2024] EWCA Crim 200,https://caselaw.nationalarchives.gov.uk/ewca/crim/2024/200,1956
2003,[2003] EWCA Crim 2405,https://caselaw.nationalarchives.gov.uk/ewca/crim/2003/2405,5679
2004,[2004] EWCA Crim 1981,https://caselaw.nationalarchives.gov.uk/ewca/crim/2004/1981,2780
2005,[2005] EWCA Crim 1269,https://caselaw.nationalarchives.gov.uk/ewca/crim/2005/1269,658
2006,[2006] EWCA Crim 1719,https://caselaw.nationalarchives.gov.uk/ewca/crim/2006/1719,1721
2007,[2007] EWCA Crim 2413,https://caselaw.nationalarchives.gov.uk/ewca/crim/2007/2413,1612
2008,[2008] EWCA Crim 2159,https://caselaw.nationalarchives.gov.uk/ewca/crim/2008/2159,1744
2009,[2009] EWCA Crim 669,https://caselaw.nationalarchives.gov.uk/ewca/crim/2009/669,1834
2010,[2010] EWCA Crim 1450,https://caselaw.nationalarchives.gov.uk/ewca/crim/2010/1450,5128
2011,[2011] EWCA Crim 2587,https://caselaw.nationalarchives.gov.uk/ewca/crim/2011/2587,5625
2012,[2012] EWCA Crim 994,https://caselaw.nationalarchives.gov.uk/ewca/crim/2012/994,5230
2013,[2013] EWCA Crim 2636,https://caselaw.nationalarchives.gov.uk/ewca/crim/2013/2636,4737
2014,[2014] EWCA Crim 1244,https://caselaw.nationalarchives.gov.uk/ewca/crim/2014/1244,3588
2015,[2015] EWCA Crim 166,https://caselaw.nationalarchives.gov.uk/ewca/crim/2015/166,2629
2016,[2016] EWCA Crim 850,https://caselaw.nationalarchives.gov.uk/ewca/crim/2016/850,1159
2017,[2017] EWCA Crim 2209,https://caselaw.nationalarchives.gov.uk/ewca/crim/2017/2209,721
2018,[2018] EWCA Crim 2445,https://caselaw.nationalarchives.gov.uk/ewca/crim/2018/2445,433
2019,[2019] EWCA Crim 130,https://caselaw.nationalarchives.gov.uk/ewca/crim/2019/130,1573
2020,[2020] EWCA Crim 1540,https://caselaw.nationalarchives.gov.uk/ewca/crim/2020/1540,918
2021,[2021] EWCA Crim 242,https://caselaw.nationalarchives.gov.uk/ewca/crim/2021/242,5508
2022,[2022] EWCA Crim 288,https://caselaw.nationalarchives.gov.uk/ewca/crim/2022/288,4012
2023,[2023] EWCA Crim 1543,https://caselaw.nationalarchives.gov.uk/ewca/crim/2023/1543,114
2024,[2024] EWCA Crim 414,https://caselaw.nationalarchives.gov.uk/ewca/crim/2024/414,2754
2004,[2004] EWCA Crim 1795,https://caselaw.nationalarchives.gov.uk/ewca/crim/2004/1795,1113
2005,[2005] EWCA Crim 1828,https://caselaw.nationalarchives.gov.uk/ewca/crim/2005/1828,1874
2006,[2006] EWCA Crim 3028,https://caselaw.nationalarchives.gov.uk/ewca/crim/2006/3028,5700
2007,[2007] EWCA Crim 2445,https://caselaw.nationalarchives.gov.uk/ewca/crim/2007/2445,5704
2008,[2008] EWCA Crim 2310,https://caselaw.nationalarchives.gov.uk/ewca/crim/2008/2310,6073
2009,[2009] EWCA Crim 319,https://caselaw.nationalarchives.gov.uk/ewca/crim/2009/319,6024
2010,[2010] EWCA Crim 1023,https://caselaw.nationalarchives.gov.uk/ewca/crim/2010/1023,5445
2011,[2011] EWCA Crim 2871,https://caselaw.nationalarchives.gov.uk/ewca/crim/2011/2871,4982
2012,[2012] EWCA Crim 2750,https://caselaw.nationalarchives.gov.uk/ewca/crim/2012/2750,4106
2013,[2013] EWCA Crim 2356,https://caselaw.nationalarchives.gov.uk/ewca/crim/2013/2356,4774
2014,[2014] EWCA Crim 299,https://caselaw.nationalarchives.gov.uk/ewca/crim/2014/299,2305
2016,[2016] EWCA Crim 1712,https://caselaw.nationalarchives.gov.uk/ewca/crim/2016/1712,4545
2017,[2017] EWCA Crim 207,https://caselaw.nationalarchives.gov.uk/ewca/crim/2017/207,3084
2018,[2018] EWCA Crim 1075,https://caselaw.nationalarchives.gov.uk/ewca/crim/2018/1075,2578
2019,[2019] EWCA Crim 878,https://caselaw.nationalarchives.gov.uk/ewca/crim/2019/878,3054
2020,[2020] EWCA Crim 1579,https://caselaw.nationalarchives.gov.uk/ewca/crim/2020/1579,2245
2021,[2021] EWCA Crim 927,https://caselaw.nationalarchives.gov.uk/ewca/crim/2021/927,4210
2022,[2022] EWCA Crim 1065,https://caselaw.nationalarchives.gov.uk/ewca/crim/2022/1065,2929
2023,[2023] EWCA Crim 815,https://caselaw.nationalarchives.gov.uk/ewca/crim/2023/815,2704
2024,[2024] EWCA Crim 304,https://caselaw.nationalarchives.gov.uk/ewca/crim/2024/304,5830
2004,[2004] EWCA Crim 526,https://caselaw.nationalarchives.gov.uk/ewca/crim/2004/526,2376
2005,[2005] EWCA Crim 3115,https://caselaw.nationalarchives.gov.uk/ewca/crim/2005/3115,4050
2006,[2006] EWCA Crim 27,https://caselaw.nationalarchives.gov.uk/ewca/crim/2006/27,4974
2007,[2007] EWCA Crim 2748,https://caselaw.nationalarchives.gov.uk/ewca/crim/2007/2748,4601
2008,[2008] EWCA Crim 2498,https://caselaw.nationalarchives.gov.uk/ewca/crim/2008/2498,59
2009,[2009] EWCA Crim 380,https://caselaw.nationalarchives.gov.uk/ewca/crim/2009/380,83
2010,[2010] EWCA Crim 756,https://caselaw.nationalarchives.gov.uk/ewca/crim/2010/756,2719
2011,[2011] EWCA Crim 524,https://caselaw.nationalarchives.gov.uk/ewca/crim/2011/524,2000
2012,[2012] EWCA Crim 67,https://caselaw.nationalarchives.gov.uk/ewca/crim/2012/67,4590
2013,[2013] EWCA Crim 2230,https://caselaw.nationalarchives.gov.uk/ewca/crim/2013/2230,5191
2014,[2014] EWCA Crim 2907,https://caselaw.nationalarchives.gov.uk/ewca/crim/2014/2907,2740
2016,[2016] EWCA Crim 1543,https://caselaw.nationalarchives.gov.uk/ewca/crim/2016/1543,1920
2017,[2017] EWCA Crim 1277,https://caselaw.nationalarchives.gov.uk/ewca/crim/2017/1277,4875
2018,[2018] EWCA Crim 835,https://caselaw.nationalarchives.gov.uk/ewca/crim/2018/835,3166
2019,[2019] EWCA Crim 2280,https://caselaw.nationalarchives.gov.uk/ewca/crim/2019/2280,5616
2020,[2020] EWCA Crim 799,https://caselaw.nationalarchives.gov.uk/ewca/crim/2020/799,4403
2021,[2021] EWCA Crim 208,https://caselaw.nationalarchives.gov.uk/ewca/crim/2021/208,4725
2022,[2022] EWCA Crim 774,https://caselaw.nationalarchives.gov.uk/ewca/crim/2022/774,3916
2023,[2023] EWCA Crim 1252,https://caselaw.nationalarchives.gov.uk/ewca/crim/2023/1252,3340
2004,[2004] EWCA Crim 2724,https://caselaw.nationalarchives.gov.uk/ewca/crim/2004/2724,6107
2005,[2005] EWCA Crim 703,https://caselaw.nationalarchives.gov.uk/ewca/crim/2005/703,5992
2006,[2006] EWCA Crim 510,https://caselaw.nationalarchives.gov.uk/ewca/crim/2006/510,3639
2007,[2007] EWCA Crim 1119,https://caselaw.nationalarchives.gov.uk/ewca/crim/2007/1119,3401
2008,[2008] EWCA Crim 914,https://caselaw.nationalarchives.gov.uk/ewca/crim/2008/914,5036
2009,[2009] EWCA Crim 653,https://caselaw.nationalarchives.gov.uk/ewca/crim/2009/653,4992
2010,[2010] EWCA Crim 2740,https://caselaw.nationalarchives.gov.uk/ewca/crim/2010/2740,38
2011,[2011] EWCA Crim 945,https://caselaw.nationalarchives.gov.uk/ewca/crim/2011/945,5962
2012,[2012] EWCA Crim 837,https://caselaw.nationalarchives.gov.uk/ewca/crim/2012/837,1059
2013,[2013] EWCA Crim 1781,https://caselaw.nationalarchives.gov.uk/ewca/crim/2013/1781,4420
2014,[2014] EWCA Crim 713,https://caselaw.nationalarchives.gov.uk/ewca/crim/2014/713,4493
2016,[2016] EWCA Crim 794,https://caselaw.nationalarchives.gov.uk/ewca/crim/2016/794,3271
2017,[2017] EWCA Crim 2671,https://caselaw.nationalarchives.gov.uk/ewca/crim/2018/2671,3122
2018,[2018] EWCA Crim 833,https://caselaw.nationalarchives.gov.uk/ewca/crim/2018/833,2228
2019,[2019] EWCA Crim 1526,https://caselaw.nationalarchives.gov.uk/ewca/crim/2019/1526,1321
2020,[2020] EWCA Crim 280,https://caselaw.nationalarchives.gov.uk/ewca/crim/2020/280,2834
2021,[2021] EWCA Crim 439,https://caselaw.nationalarchives.gov.uk/ewca/crim/2021/439,1278
2022,[2022] EWCA Crim 1108,https://caselaw.nationalarchives.gov.uk/ewca/crim/2022/1108,3140
2023,[2023] EWCA Crim 1476,https://caselaw.nationalarchives.gov.uk/ewca/crim/2023/1476,4082
2004,[2004] EWCA Crim 7,https://caselaw.nationalarchives.gov.uk/ewca/crim/2004/7,6150
2005,[2005] EWCA Crim 2826,https://caselaw.nationalarchives.gov.uk/ewca/crim/2005/2826,2278
2006,[2006] EWCA Crim 773,https://caselaw.nationalarchives.gov.uk/ewca/crim/2006/773,6127
2007,[2007] EWCA Crim 1914,https://caselaw.nationalarchives.gov.uk/ewca/crim/2007/1914,6117
2008,[2008] EWCA Crim 3096,https://caselaw.nationalarchives.gov.uk/ewca/crim/2008/3096,1925
2009,[2009] EWCA Crim 86,https://caselaw.nationalarchives.gov.uk/ewca/crim/2009/86,1987
2010,[2010] EWCA Crim 1575,https://caselaw.nationalarchives.gov.uk/ewca/crim/2010/1575,1904
2011,[2011] EWCA Crim 3,https://caselaw.nationalarchives.gov.uk/ewca/crim/2011/3,4969
2013,[2013] EWCA Crim 1725,https://caselaw.nationalarchives.gov.uk/ewca/crim/2013/1725,568
2014,[2014] EWCA Crim 1681,https://caselaw.nationalarchives.gov.uk/ewca/crim/2014/1681,3378
2016,[2016] EWCA Crim 2117,https://caselaw.nationalarchives.gov.uk/ewca/crim/2016/2117,4130
2017,[2017] EWCA Crim 1498,https://caselaw.nationalarchives.gov.uk/ewca/crim/2017/1498,3101
2018,[2018] EWCA Crim 755,https://caselaw.nationalarchives.gov.uk/ewca/crim/2018/755,2010
2019,[2019] EWCA Crim 2219,https://caselaw.nationalarchives.gov.uk/ewca/crim/2019/2219,3386
2020,[2020] EWCA Crim 1674,https://caselaw.nationalarchives.gov.uk/ewca/crim/2020/1674,5522
2022,[2022] EWCA Crim 933,https://caselaw.nationalarchives.gov.uk/ewca/crim/2022/933,5680
2023,[2023] EWCA Crim 1686,https://caselaw.nationalarchives.gov.uk/ewca/crim/2023/1686,3784
2004,[2004] EWCA Crim 3067,https://caselaw.nationalarchives.gov.uk/ewca/crim/2004/3067,1686
2005,[2005] EWCA Crim 2205,https://caselaw.nationalarchives.gov.uk/ewca/crim/2005/2205,1219
2006,[2006] EWCA Crim 2292,https://caselaw.nationalarchives.gov.uk/ewca/crim/2006/2292,5907
2007,[2007] EWCA Crim 1747,https://caselaw.nationalarchives.gov.uk/ewca/crim/2007/1747,5899
2008,[2008] EWCA Crim 934,https://caselaw.nationalarchives.gov.uk/ewca/crim/2008/934,3842
2009,[2009] EWCA Crim 85,https://caselaw.nationalarchives.gov.uk/ewca/crim/2009/85,3857
2010,[2010] EWCA Crim 280,https://caselaw.nationalarchives.gov.uk/ewca/crim/2010/280,3663
2011,[2011] EWCA Crim 102,https://caselaw.nationalarchives.gov.uk/ewca/crim/2011/102,290
2013,[2013] EWCA Crim 160,https://caselaw.nationalarchives.gov.uk/ewca/crim/2013/160,1313
2017,[2017] EWCA Crim 559,https://caselaw.nationalarchives.gov.uk/ewca/crim/2017/559,6039
2018,[2018] EWCA Crim 816,https://caselaw.nationalarchives.gov.uk/ewca/crim/2018/816,2499
2019,[2019] EWCA Crim 2101,https://caselaw.nationalarchives.gov.uk/ewca/crim/2019/2101,3793
2020,[2020] EWCA Crim 1388,https://caselaw.nationalarchives.gov.uk/ewca/crim/2020/1388,5954
2022,[2022] EWCA Crim 992,https://caselaw.nationalarchives.gov.uk/ewca/crim/2022/992,2453
2023,[2023] EWCA Crim 1015,https://caselaw.nationalarchives.gov.uk/ewca/crim/2023/1015,274
2004,[2004] EWCA Crim 946,https://caselaw.nationalarchives.gov.uk/ewca/crim/2004/946,4753
2005,[2005] EWCA Crim 1881,https://caselaw.nationalarchives.gov.uk/ewca/crim/2005/1881,4377
2006,[2006] EWCA Crim 1410,https://caselaw.nationalarchives.gov.uk/ewca/crim/2006/1410,287
2007,[2007] EWCA Crim 53,https://caselaw.nationalarchives.gov.uk/ewca/crim/2007/53,342
2008,[2008] EWCA Crim 902,https://caselaw.nationalarchives.gov.uk/ewca/crim/2008/902,1822
2009,[2009] EWCA Crim 388,https://caselaw.nationalarchives.gov.uk/ewca/crim/2009/388,1911
2010,[2010] EWCA Crim 2072,https://caselaw.nationalarchives.gov.uk/ewca/crim/2010/2072,1725
2011,[2011] EWCA Crim 1322,https://caselaw.nationalarchives.gov.uk/ewca/crim/2011/1322,1935
2013,[2012] EWCA Crim 99,https://caselaw.nationalarchives.gov.uk/ewca/crim/2013/99,1139
2017,[2017] EWCA Crim 30,https://caselaw.nationalarchives.gov.uk/ewca/crim/2017/30,3212
2018,[2018] EWCA Crim 2637,https://caselaw.nationalarchives.gov.uk/ewca/crim/2018/2637,4688
2019,[2019] EWCA Crim 279,https://caselaw.nationalarchives.gov.uk/ewca/crim/2019/279,1518
2020,[2020] EWCA Crim 1676,https://caselaw.nationalarchives.gov.uk/ewca/crim/2020/1676,4094
2022,[2022] EWCA Crim 1656,https://caselaw.nationalarchives.gov.uk/ewca/crim/2022/1656,4860
2023,[2023] EWCA Crim 1505,https://caselaw.nationalarchives.gov.uk/ewca/crim/2023/1505,4711
2004,[2004] EWCA Crim 1756,https://caselaw.nationalarchives.gov.uk/ewca/crim/2004/1756,1051
2005,[2005] EWCA Crim 3244,https://caselaw.nationalarchives.gov.uk/ewca/crim/2005/3244,1988
2006,[2006] EWCA Crim 2185,https://caselaw.nationalarchives.gov.uk/ewca/crim/2006/2185,6082
2007,[2007] EWCA Crim 891,https://caselaw.nationalarchives.gov.uk/ewca/crim/2007/891,6044
2008,[2008] EWCA Crim 451,https://caselaw.nationalarchives.gov.uk/ewca/crim/2008/451,3488
2009,[2009] EWCA Crim 1506,https://caselaw.nationalarchives.gov.uk/ewca/crim/2009/1506,3628
2010,[2010] EWCA Crim 123,https://caselaw.nationalarchives.gov.uk/ewca/crim/2010/123,3852
2011,[2011] EWCA Crim 1339,https://caselaw.nationalarchives.gov.uk/ewca/crim/2011/1339,177
2013,[2013] EWCA Crim 2536,https://caselaw.nationalarchives.gov.uk/ewca/crim/2013/2536,6075
2017,[2017] EWCA Crim 848,https://caselaw.nationalarchives.gov.uk/ewca/crim/2017/848,770
2018,[2018] EWCA Crim 603,https://caselaw.nationalarchives.gov.uk/ewca/crim/2018/603,5844
2019,[2019] EWCA Crim 629,https://caselaw.nationalarchives.gov.uk/ewca/crim/2019/629,4213
2020,[2020] EWCA Crim 290,https://caselaw.nationalarchives.gov.uk/ewca/crim/2020/290,1046
2022,[2022] EWCA Crim 1311,https://caselaw.nationalarchives.gov.uk/ewca/crim/2022/1311,5550
2023,[2023] EWCA Crim 1103,https://caselaw.nationalarchives.gov.uk/ewca/crim/2023/1103,2328
2004,[2004] EWCA Crim 2708,https://caselaw.nationalarchives.gov.uk/ewca/crim/2004/2708,2266
2005,[2005] EWCA Crim 1880,https://caselaw.nationalarchives.gov.uk/ewca/crim/2005/1880,1036
2006,[2006] EWCA Crim 244,https://caselaw.nationalarchives.gov.uk/ewca/crim/2006/244,212
2007,[2007] EWCA Crim 3218,https://caselaw.nationalarchives.gov.uk/ewca/crim/2007/3218,224
2008,[2008] EWCA Crim 1892,https://caselaw.nationalarchives.gov.uk/ewca/crim/2008/1892,196
2009,[2009] EWCA Crim 276,https://caselaw.nationalarchives.gov.uk/ewca/crim/2009/276,256
2010,[2010] EWCA Crim 1269,https://caselaw.nationalarchives.gov.uk/ewca/crim/2010/1269,33
2011,[2011] EWCA Crim 1095,https://caselaw.nationalarchives.gov.uk/ewca/crim/2011/1095,5007
2017,[2017] EWCA Crim 308,https://caselaw.nationalarchives.gov.uk/ewca/crim/2017/308,5775
2018,[2018] EWCA Crim 1500,https://caselaw.nationalarchives.gov.uk/ewca/crim/2018/1500,192
2019,[2019] EWCA Crim 685,https://caselaw.nationalarchives.gov.uk/ewca/crim/2019/685,3952
2020,[2020] EWCA Crim 603,https://caselaw.nationalarchives.gov.uk/ewca/crim/2020/603,5216
2022,[2022] EWCA Crim 270,https://caselaw.nationalarchives.gov.uk/ewca/crim/2022/270,3090
2023,[2023] EWCA Crim 1327,https://caselaw.nationalarchives.gov.uk/ewca/crim/2023/1327,1743
2004,[2004] EWCA Crim 836,https://caselaw.nationalarchives.gov.uk/ewca/crim/2004/836,5955
2005,[2005] EWCA Crim 859,https://caselaw.nationalarchives.gov.uk/ewca/crim/2005/859,6152
2006,[2006] EWCA Crim 1611,https://caselaw.nationalarchives.gov.uk/ewca/crim/2006/1611,5767
2007,[2007] EWCA Crim 2057,https://caselaw.nationalarchives.gov.uk/ewca/crim/2007/2057,5846
2008,[2008] EWCA Crim 260,https://caselaw.nationalarchives.gov.uk/ewca/crim/2008/260,2844
2009,[2009] EWCA Crim 2485,https://caselaw.nationalarchives.gov.uk/ewca/crim/2009/2485,3133
2010,[2010] EWCA Crim 612,https://caselaw.nationalarchives.gov.uk/ewca/crim/2010/612,4374
2011,[2011] EWCA Crim 273,https://caselaw.nationalarchives.gov.uk/ewca/crim/2011/273,3418
2017,[2017] EWCA Crim 2149,https://caselaw.nationalarchives.gov.uk/ewca/crim/2017/2149,5853
2018,[2018] EWCA Crim 1156,https://caselaw.nationalarchives.gov.uk/ewca/crim/2018/1156,5864
2019,[2019] EWCA Crim 983,https://caselaw.nationalarchives.gov.uk/ewca/crim/2019/983,1954
2020,[2020] EWCA Crim 982,https://caselaw.nationalarchives.gov.uk/ewca/crim/2020/982,3967
2022,[2022] EWCA Crim 805,https://caselaw.nationalarchives.gov.uk/ewca/crim/2022/805,4710
2023,[2023] EWCA Crim 212,https://caselaw.nationalarchives.gov.uk/ewca/crim/2023/212,6106
2005,[2005] EWCA Crim 1121,https://caselaw.nationalarchives.gov.uk/ewca/crim/2005/1121,2041
2006,[2006] EWCA Crim 2133,https://caselaw.nationalarchives.gov.uk/ewca/crim/2006/2133,4959
2007,[2007] EWCA Crim 350,https://caselaw.nationalarchives.gov.uk/ewca/crim/2007/350,4560
2008,[2008] EWCA Crim 923,https://caselaw.nationalarchives.gov.uk/ewca/crim/2008/923,4056
2009,[2009] EWCA Crim 893,https://caselaw.nationalarchives.gov.uk/ewca/crim/2009/893,4103
2010,[2010] EWCA Crim 354,https://caselaw.nationalarchives.gov.uk/ewca/crim/2010/354,2150
2011,[2011] EWCA Crim 1746,https://caselaw.nationalarchives.gov.uk/ewca/crim/2011/1746,3659
2017,[2017] EWCA Crim 1464,https://caselaw.nationalarchives.gov.uk/ewca/crim/2017/1464,980
2018,[2018] EWCA Crim 1696,https://caselaw.nationalarchives.gov.uk/ewca/crim/2018/1696,5067
2019,[2019] EWCA Crim 565,https://caselaw.nationalarchives.gov.uk/ewca/crim/2019/565,421
2020,[2020] EWCA Crim 1502,https://caselaw.nationalarchives.gov.uk/ewca/crim/2020/1502,1177
2022,[2022] EWCA Crim 1811,https://caselaw.nationalarchives.gov.uk/ewca/crim/2022/1811,1310
2023,[2022] EWCA Crim 37,https://caselaw.nationalarchives.gov.uk/ewca/crim/2022/37,4537
2005,[2005] EWCA Crim 315,https://caselaw.nationalarchives.gov.uk/ewca/crim/2005/315,495
2006,[2006] EWCA Crim 16,https://caselaw.nationalarchives.gov.uk/ewca/crim/2006/16,4551
2007,[2007] EWCA Crim 1998,https://caselaw.nationalarchives.gov.uk/ewca/crim/2007/1998,4288
2008,[2008] EWCA Crim 2395,https://caselaw.nationalarchives.gov.uk/ewca/crim/2008/2395,4933
2009,[2009] EWCA Crim 1507,https://caselaw.nationalarchives.gov.uk/ewca/crim/2009/1507,4882
2010,[2010] EWCA Crim 1620,https://caselaw.nationalarchives.gov.uk/ewca/crim/2010/1620,6055
2011,[2011] EWCA Crim 2992,https://caselaw.nationalarchives.gov.uk/ewca/crim/2011/2992,5137
2018,[2018] EWCA Crim 667,https://caselaw.nationalarchives.gov.uk/ewca/crim/2018/667,5375
2019,[2019] EWCA Crim 90,https://caselaw.nationalarchives.gov.uk/ewca/crim/2019/90,5629
2020,[2020] EWCA Crim 516,https://caselaw.nationalarchives.gov.uk/ewca/crim/2020/516,1495
2022,[2022] EWCA Crim 1197,https://caselaw.nationalarchives.gov.uk/ewca/crim/2022/1197,1852
2023,[2023] EWCA Crim 1181,https://caselaw.nationalarchives.gov.uk/ewca/crim/2023/1181,5270
2005,[2005] EWCA Crim 1092,https://caselaw.nationalarchives.gov.uk/ewca/crim/2005/1092,2821
2006,[2006] EWCA Crim 231,https://caselaw.nationalarchives.gov.uk/ewca/crim/2006/231,1841
2007,[2007] EWCA Crim 1605,https://caselaw.nationalarchives.gov.uk/ewca/crim/2007/1605,1815
2008,[2008] EWCA Crim 1869,https://caselaw.nationalarchives.gov.uk/ewca/crim/2008/1869,2053
2009,[2009] EWCA Crim 2115,https://caselaw.nationalarchives.gov.uk/ewca/crim/2009/2115,2249
2010,[2010] EWCA Crim 1317,https://caselaw.nationalarchives.gov.uk/ewca/crim/2010/1317,1340
2011,[2011] EWCA Crim 2812,https://caselaw.nationalarchives.gov.uk/ewca/crim/2011/2812,2390
2018,[2018] EWCA Crim 682,https://caselaw.nationalarchives.gov.uk/ewca/crim/2018/682,1799
2019,[2019] EWCA Crim 577,https://caselaw.nationalarchives.gov.uk/ewca/crim/2019/577,1630
2022,[2022] EWCA Crim 1299,https://caselaw.nationalarchives.gov.uk/ewca/crim/2022/1299,3767
2023,[2023] EWCA Crim 1485,https://caselaw.nationalarchives.gov.uk/ewca/crim/2023/1485,2156
2006,[2006] EWCA Crim 1803,https://caselaw.nationalarchives.gov.uk/ewca/crim/2006/1803,5984
2007,[2007] EWCA Crim 1293,https://caselaw.nationalarchives.gov.uk/ewca/crim/2007/1293,6022
2008,[2008] EWCA Crim 852,https://caselaw.nationalarchives.gov.uk/ewca/crim/2008/852,959
2009,[2009] EWCA Crim 100,https://caselaw.nationalarchives.gov.uk/ewca/crim/2009/100,1140
2010,[2010] EWCA Crim 2819,https://caselaw.nationalarchives.gov.uk/ewca/crim/2010/2819,3738
2011,[2011] EWCA Crim 3190,https://caselaw.nationalarchives.gov.uk/ewca/crim/2011/3190,3314
2018,[2018] EWCA Crim 2892,https://caselaw.nationalarchives.gov.uk/ewca/crim/2018/2892,3527
2019,[2019] EWCA Crim 1653,https://caselaw.nationalarchives.gov.uk/ewca/crim/2019/1653,1909
2022,[2022] EWCA Crim 1779,https://caselaw.nationalarchives.gov.uk/ewca/crim/2022/1779,4112
2023,[2023] EWCA Crim 1060,https://caselaw.nationalarchives.gov.uk/ewca/crim/2023/1060,3509
2006,[2006] EWCA Crim 2916,https://caselaw.nationalarchives.gov.uk/ewca/crim/2006/2916,2359
2007,[2007] EWCA Crim 481,https://caselaw.nationalarchives.gov.uk/ewca/crim/2007/481,2168
2008,[2008] EWCA Crim 1463,https://caselaw.nationalarchives.gov.uk/ewca/crim/2008/1463,1570
2009,[2009] EWCA Crim 2092,https://caselaw.nationalarchives.gov.uk/ewca/crim/2009/2092,1734
2010,[2010] EWCA Crim 704,https://caselaw.nationalarchives.gov.uk/ewca/crim/2010/704,5980
2011,[2011] EWCA Crim 7,https://caselaw.nationalarchives.gov.uk/ewca/crim/2011/7,189
2018,[2018] EWCA Crim 2017,https://caselaw.nationalarchives.gov.uk/ewca/crim/2018/2017,1436
2019,[2019] EWCA Crim 1274,https://caselaw.nationalarchives.gov.uk/ewca/crim/2019/1274,3989
2022,[2022] EWCA Crim 678,https://caselaw.nationalarchives.gov.uk/ewca/crim/2022/678,3811
2023,[2023] EWCA Crim 1037,https://caselaw.nationalarchives.gov.uk/ewca/crim/2023/1037,2553
2006,[2006] EWCA Crim 7,https://caselaw.nationalarchives.gov.uk/ewca/crim/2006/7,3236
2007,[2007] EWCA Crim 14,https://caselaw.nationalarchives.gov.uk/ewca/crim/2007/14,3070
2008,[2008] EWCA Crim 2505,https://caselaw.nationalarchives.gov.uk/ewca/crim/2008/2505,596
2009,[2009] EWCA Crim 2848,https://caselaw.nationalarchives.gov.uk/ewca/crim/2009/2848,795
2010,[2010] EWCA Crim 2261,https://caselaw.nationalarchives.gov.uk/ewca/crim/2010/2261,1345
2011,[2011] EWCA Crim 1332,https://caselaw.nationalarchives.gov.uk/ewca/crim/2011/1332,427
2018,[2018] EWCA Crim 2155,https://caselaw.nationalarchives.gov.uk/ewca/crim/2018/2155,5076
2019,[2019] EWCA Crim 2252,https://caselaw.nationalarchives.gov.uk/ewca/crim/2019/2252,3736
2022,[2022] EWCA Crim 1022,https://caselaw.nationalarchives.gov.uk/ewca/crim/2022/1022,1125
2023,[2023] EWCA Crim 1125,https://caselaw.nationalarchives.gov.uk/ewca/crim/2023/1125,825
2006,[2006] EWCA Crim 2942,https://caselaw.nationalarchives.gov.uk/ewca/crim/2006/2942,214
2007,[2007] EWCA Crim 3150,https://caselaw.nationalarchives.gov.uk/ewca/crim/2007/3150,244
2008,[2008] EWCA Crim 819,https://caselaw.nationalarchives.gov.uk/ewca/crim/2008/819,3189
2009,[2009] EWCA Crim 1793,https://caselaw.nationalarchives.gov.uk/ewca/crim/2009/1793,3304
2010,[2010] EWCA Crim 2399,https://caselaw.nationalarchives.gov.uk/ewca/crim/2010/2399,5397
2011,[2011] EWCA Crim 1928,https://caselaw.nationalarchives.gov.uk/ewca/crim/2011/1928,3881
2018,[2018] EWCA Crim 628,https://caselaw.nationalarchives.gov.uk/ewca/crim/2018/628,4077
2019,[2019] EWCA Crim 1634,https://caselaw.nationalarchives.gov.uk/ewca/crim/2019/1634,5483
2023,[2023] EWCA Crim 777,https://caselaw.nationalarchives.gov.uk/ewca/crim/2023/777,5226
2006,[2006] EWCA Crim 1404,https://caselaw.nationalarchives.gov.uk/ewca/crim/2006/1404,542
2007,[2007] EWCA Crim 2332,https://caselaw.nationalarchives.gov.uk/ewca/crim/2007/2332,533
2008,[2008] EWCA Crim 110,https://caselaw.nationalarchives.gov.uk/ewca/crim/2008/110,4173
2009,[2009] EWCA Crim 470,https://caselaw.nationalarchives.gov.uk/ewca/crim/2009/470,4149
2010,[2010] EWCA Crim 1996,https://caselaw.nationalarchives.gov.uk/ewca/crim/2010/1996,6097
2011,[2011] EWCA Crim 1174,https://caselaw.nationalarchives.gov.uk/ewca/crim/2011/1174,6129
2018,[2018] EWCA Crim 2481,https://caselaw.nationalarchives.gov.uk/ewca/crim/2018/2481,5327
2019,[2019] EWCA Crim 1125,https://caselaw.nationalarchives.gov.uk/ewca/crim/2019/1125,2976
2023,[2023] EWCA Crim 384,https://caselaw.nationalarchives.gov.uk/ewca/crim/2023/384,377
2006,[2006] EWCA Crim 845,https://caselaw.nationalarchives.gov.uk/ewca/crim/2006/845,5250
2007,[2007] EWCA Crim 1016,https://caselaw.nationalarchives.gov.uk/ewca/crim/2007/1016,4985
2008,[2008] EWCA Crim 2950,https://caselaw.nationalarchives.gov.uk/ewca/crim/2008/2950,742
2009,[2009] EWCA Crim 390,https://caselaw.nationalarchives.gov.uk/ewca/crim/2009/390,977
2010,[2010] EWCA Crim 1303,https://caselaw.nationalarchives.gov.uk/ewca/crim/2010/1303,2879
2011,[2011] EWCA Crim 1173,https://caselaw.nationalarchives.gov.uk/ewca/crim/2011/1173,497
2018,[2018] EWCA Crim 1502,https://caselaw.nationalarchives.gov.uk/ewca/crim/2018/1502,3346
2019,[2019] EWCA Crim 952,https://caselaw.nationalarchives.gov.uk/ewca/crim/2019/952,5973
2023,[2023] EWCA Crim 625,https://caselaw.nationalarchives.gov.uk/ewca/crim/2023/625,2315
2006,[2006] EWCA Crim 2312,https://caselaw.nationalarchives.gov.uk/ewca/crim/2006/2312,6145
2007,[2007] EWCA Crim 3436,https://caselaw.nationalarchives.gov.uk/ewca/crim/2007/3436,6139
2008,[2008] EWCA Crim 183,https://caselaw.nationalarchives.gov.uk/ewca/crim/2008/183,2130
2009,[2009] EWCA Crim 1327,https://caselaw.nationalarchives.gov.uk/ewca/crim/2009/1327,2396
2010,[2010] EWCA Crim 1576,https://caselaw.nationalarchives.gov.uk/ewca/crim/2010/1576,5116
2011,[2011] EWCA Crim 572,https://caselaw.nationalarchives.gov.uk/ewca/crim/2011/572,2357
2018,[2018] EWCA Civ 532,https://caselaw.nationalarchives.gov.uk/ewca/crim/2018/532,205
2019,[2019] EWCA Crim 1953,https://caselaw.nationalarchives.gov.uk/ewca/crim/2019/1953,5418
2023,[2023] EWCA Crim 1450,https://caselaw.nationalarchives.gov.uk/ewca/crim/2023/1450,4167
2006,[2006] EWCA Crim 1709,https://caselaw.nationalarchives.gov.uk/ewca/crim/2006/1709,551
2007,[2007] EWCA Crim 1118,https://caselaw.nationalarchives.gov.uk/ewca/crim/2007/1118,545
2008,[2008] EWCA Crim 1524,https://caselaw.nationalarchives.gov.uk/ewca/crim/2008/1524,370
2009,[2009] EWCA Crim 1721,https://caselaw.nationalarchives.gov.uk/ewca/crim/2009/1721,463
2010,[2010] EWCA Crim 404,https://caselaw.nationalarchives.gov.uk/ewca/crim/2010/404,4740
2018,[2018] EWCA Crim 1342,https://caselaw.nationalarchives.gov.uk/ewca/crim/2018/1342,585
2019,[2019] EWCA Crim 106,https://caselaw.nationalarchives.gov.uk/ewca/crim/2019/106,5136
2023,[2023] EWCA Crim 933,https://caselaw.nationalarchives.gov.uk/ewca/crim/2023/933,5648
2008,[2008] EWCA Crim 2825,https://caselaw.nationalarchives.gov.uk/ewca/crim/2008/2825,1690
2009,[2009] EWCA Crim 591,https://caselaw.nationalarchives.gov.uk/ewca/crim/2009/591,1820
2010,[2010] EWCA Crim 1781,https://caselaw.nationalarchives.gov.uk/ewca/crim/2010/1781,263
2019,[2019] EWCA Crim 1269,https://caselaw.nationalarchives.gov.uk/ewca/crim/2019/1269,1647
2023,[2023] EWCA Crim 391,https://caselaw.nationalarchives.gov.uk/ewca/crim/2023/391,6002
2008,[2008] EWCA Crim 435,https://caselaw.nationalarchives.gov.uk/ewca/crim/2008/435,1601
2009,[2009] EWCA Crim 2713,https://caselaw.nationalarchives.gov.uk/ewca/crim/2009/2713,1760
2010,[2010] EWCA Crim 1931,https://caselaw.nationalarchives.gov.uk/ewca/crim/2010/1931,2216
2019,[2019] EWCA Crim 1339,https://caselaw.nationalarchives.gov.uk/ewca/crim/2019/1339,2068
2023,[2023] EWCA Crim 1503,https://caselaw.nationalarchives.gov.uk/ewca/crim/2023/1503,3781
2008,[2008] EWCA Crim 2726,https://caselaw.nationalarchives.gov.uk/ewca/crim/2008/2726,2894
2009,[2009] EWCA Crim 1639,https://caselaw.nationalarchives.gov.uk/ewca/crim/2009/1639,3154
2010,[2010] EWCA Crim 934,https://caselaw.nationalarchives.gov.uk/ewca/crim/2010/934,4690
2023,[2023] EWCA Crim 5,https://caselaw.nationalarchives.gov.uk/ewca/crim/2023/5,881
2008,[2008] EWCA Crim 2653,https://caselaw.nationalarchives.gov.uk/ewca/crim/2008/2653,5682
2009,[2009] EWCA Crim 2767,https://caselaw.nationalarchives.gov.uk/ewca/crim/2009/2767,5677
2010,[2010] EWCA Crim 72,https://caselaw.nationalarchives.gov.uk/ewca/crim/2010/72,2903
2023,[2023] EWCA Crim 715,https://caselaw.nationalarchives.gov.uk/ewca/crim/2023/715,3545
2008,[2008] EWCA Crim 1613,https://caselaw.nationalarchives.gov.uk/ewca/crim/2008/1613,5945
2009,[2009] EWCA Crim 2,https://caselaw.nationalarchives.gov.uk/ewca/crim/2009/2,5919
2010,[2010] EWCA Crim 130,https://caselaw.nationalarchives.gov.uk/ewca/crim/2010/130,4157
2023,[2023] EWCA Crim 598,https://caselaw.nationalarchives.gov.uk/ewca/crim/2023/598,6067
2008,[2008] EWCA Crim 2788,https://caselaw.nationalarchives.gov.uk/ewca/crim/2008/2788,4128
2009,[2009] EWCA Crim 437,https://caselaw.nationalarchives.gov.uk/ewca/crim/2009/437,4140
2010,[2010] EWCA Crim 2169,https://caselaw.nationalarchives.gov.uk/ewca/crim/2010/2169,1301
2023,[2023] EWCA Crim 368,https://caselaw.nationalarchives.gov.uk/ewca/crim/2023/368,2969
2008,[2008] EWCA Crim 2648,https://caselaw.nationalarchives.gov.uk/ewca/crim/2008/2648,2402
2009,[2009] EWCA Crim 398,https://caselaw.nationalarchives.gov.uk/ewca/crim/2009/398,2718
2010,[2010] EWCA Crim 1026,https://caselaw.nationalarchives.gov.uk/ewca/crim/2010/1026,5460
2023,[2023] EWCA Crim 599,https://caselaw.nationalarchives.gov.uk/ewca/crim/2023/599,1616
2008,[2008] EWCA Crim 1655,https://caselaw.nationalarchives.gov.uk/ewca/crim/2008/1655,3534
2009,[2009] EWCA Crim 2311,https://caselaw.nationalarchives.gov.uk/ewca/crim/2009/2311,3647
2010,[2010] EWCA Crim 893,https://caselaw.nationalarchives.gov.uk/ewca/crim/2010/893,2700
2023,[2023] EWCA Crim 420,https://caselaw.nationalarchives.gov.uk/ewca/crim/2023/420,3632
2008,[2008] EWCA Crim 2467,https://caselaw.nationalarchives.gov.uk/ewca/crim/2008/2467,715
2009,[2009] EWCA Crim 1489,https://caselaw.nationalarchives.gov.uk/ewca/crim/2009/1489,960
2023,[2023] EWCA Crim 1216,https://caselaw.nationalarchives.gov.uk/ewca/crim/2023/1216,3672
2008,[2008] EWCA Crim 1358,https://caselaw.nationalarchives.gov.uk/ewca/crim/2008/1358,5868
2009,[2009] EWCA Crim 1393,https://caselaw.nationalarchives.gov.uk/ewca/crim/2009/1393,5897
2023,[2023] EWCA Crim 643,https://caselaw.nationalarchives.gov.uk/ewca/crim/2023/643,862
2008,[2008] EWCA Crim 837,https://caselaw.nationalarchives.gov.uk/ewca/crim/2008/837,1333
2009,[2009] EWCA Crim 2157,https://caselaw.nationalarchives.gov.uk/ewca/crim/2009/2157,1521
2023,[2023] EWCA Crim 713,https://caselaw.nationalarchives.gov.uk/ewca/crim/2023/713,4107
2008,[2008] EWCA Crim 806,https://caselaw.nationalarchives.gov.uk/ewca/crim/2008/806,1534
2009,[2009] EWCA Crim 840,https://caselaw.nationalarchives.gov.uk/ewca/crim/2009/840,1699
2023,[2023] EWCA Crim 1082,https://caselaw.nationalarchives.gov.uk/ewca/crim/2023/1082,999
2008,[2008] EWCA Crim 2907,https://caselaw.nationalarchives.gov.uk/ewca/crim/2008/2907,4321
2009,[2009] EWCA Crim 945,https://caselaw.nationalarchives.gov.uk/ewca/crim/2009/945,4471
2023,[2023] EWCA Crim 232,https://caselaw.nationalarchives.gov.uk/ewca/crim/2023/232,5366
2008,[2008] EWCA Crim 50,https://caselaw.nationalarchives.gov.uk/ewca/crim/2008/50,780
2009,[2009] EWCA Crim 819,https://caselaw.nationalarchives.gov.uk/ewca/crim/2009/819,1013
2023,[2023] EWCA Crim 1295,https://caselaw.nationalarchives.gov.uk/ewca/crim/2023/1295,4842
2008,[2008] EWCA Crim 594,https://caselaw.nationalarchives.gov.uk/ewca/crim/2008/594,3797
2009,[2009] EWCA Crim 2856,https://caselaw.nationalarchives.gov.uk/ewca/crim/2009/2856,3851
2023,[2023] EWCA Crim 1656,https://caselaw.nationalarchives.gov.uk/ewca/crim/2023/1656,3037
2008,[2008] EWCA Crim 3258,https://caselaw.nationalarchives.gov.uk/ewca/crim/2008/3258,3893
2009,[2009] EWCA Crim 1944,https://caselaw.nationalarchives.gov.uk/ewca/crim/2009/1944,3888
